"Sample"	"3.1-Dereplication"	"3.2-Denoising"	"4-ESV"
"01_T"	"31630 (12724 uniques)"	"30680 (247 uniques)"	"27569 (256 uniques)"
"02_T"	"25059 (10291 uniques)"	"24456 (185 uniques)"	"22474 (193 uniques)"
"03_T"	"11797 (4876 uniques)"	"11346 (159 uniques)"	"10643 (127 uniques)"
"04_T"	"33415 (15548 uniques)"	"32152 (291 uniques)"	"28566 (255 uniques)"
"05_T"	"35805 (15518 uniques)"	"34836 (265 uniques)"	"31721 (270 uniques)"
"06_T"	"25979 (8889 uniques)"	"25494 (174 uniques)"	"23831 (198 uniques)"
"07_T"	"33906 (12980 uniques)"	"33176 (215 uniques)"	"30990 (225 uniques)"
"08_T"	"37263 (14337 uniques)"	"36435 (222 uniques)"	"33777 (230 uniques)"
"09_T"	"20683 (8269 uniques)"	"20071 (155 uniques)"	"18488 (153 uniques)"
"100_AM21"	"129728 (48520 uniques)"	"125734 (1417 uniques)"	"117354 (1210 uniques)"
"100c"	"42475 (15760 uniques)"	"41717 (253 uniques)"	"39815 (283 uniques)"
"101c"	"35301 (15959 uniques)"	"33610 (376 uniques)"	"31685 (390 uniques)"
"102c"	"30025 (10772 uniques)"	"29538 (165 uniques)"	"28241 (209 uniques)"
"103c"	"29545 (10676 uniques)"	"28917 (242 uniques)"	"27581 (254 uniques)"
"104c"	"34250 (13147 uniques)"	"33491 (258 uniques)"	"31089 (251 uniques)"
"105c"	"19601 (9939 uniques)"	"18588 (334 uniques)"	"17434 (292 uniques)"
"106c"	"34423 (15865 uniques)"	"32610 (405 uniques)"	"30549 (386 uniques)"
"107c"	"61012 (26647 uniques)"	"58541 (548 uniques)"	"54470 (556 uniques)"
"108c"	"52556 (18545 uniques)"	"51874 (256 uniques)"	"49386 (274 uniques)"
"109c"	"41878 (15218 uniques)"	"41031 (276 uniques)"	"38849 (296 uniques)"
"10_AM21"	"67612 (21855 uniques)"	"65072 (754 uniques)"	"61566 (604 uniques)"
"10_MSCAII"	"13812 (6456 uniques)"	"13415 (174 uniques)"	"12873 (171 uniques)"
"10_T"	"23403 (8998 uniques)"	"22778 (157 uniques)"	"21186 (155 uniques)"
"10c"	"46756 (20088 uniques)"	"45299 (468 uniques)"	"42849 (444 uniques)"
"10s"	"19243 (14773 uniques)"	"16086 (496 uniques)"	"10440 (325 uniques)"
"110c"	"39569 (17862 uniques)"	"38132 (364 uniques)"	"35779 (379 uniques)"
"111c"	"22515 (9639 uniques)"	"21961 (159 uniques)"	"20451 (157 uniques)"
"112c"	"29517 (10109 uniques)"	"28949 (172 uniques)"	"27659 (180 uniques)"
"113c"	"40712 (16462 uniques)"	"39261 (319 uniques)"	"37183 (350 uniques)"
"114c"	"38276 (13982 uniques)"	"37603 (184 uniques)"	"35926 (214 uniques)"
"115c"	"46602 (18672 uniques)"	"45123 (366 uniques)"	"42754 (401 uniques)"
"116c"	"50785 (18355 uniques)"	"50052 (258 uniques)"	"46969 (317 uniques)"
"117c"	"49907 (22260 uniques)"	"48265 (414 uniques)"	"45048 (426 uniques)"
"118c"	"35672 (13456 uniques)"	"35164 (203 uniques)"	"33468 (232 uniques)"
"119c"	"27874 (9422 uniques)"	"27343 (150 uniques)"	"26194 (158 uniques)"
"11_AM21"	"78555 (22883 uniques)"	"75859 (810 uniques)"	"72058 (682 uniques)"
"11_MSCAII"	"3784 (1678 uniques)"	"3684 (69 uniques)"	"3613 (74 uniques)"
"11_MSCAII_repeat"	"42761 (13755 uniques)"	"42676 (133 uniques)"	"42377 (180 uniques)"
"11_T"	"25982 (9306 uniques)"	"25533 (130 uniques)"	"23578 (133 uniques)"
"11c"	"60779 (26843 uniques)"	"58576 (578 uniques)"	"54951 (582 uniques)"
"11s"	"9137 (6859 uniques)"	"7716 (248 uniques)"	"5930 (189 uniques)"
"12_AM21"	"94629 (26900 uniques)"	"91808 (807 uniques)"	"87684 (644 uniques)"
"12_MSCAII"	"15107 (6658 uniques)"	"14860 (176 uniques)"	"14184 (174 uniques)"
"12_MSCAII_repeat_1_10_dilution"	"181 (172 uniques)"	"37 (3 uniques)"	"24 (2 uniques)"
"12_MSCAII_repeat"	"128270 (40830 uniques)"	"127107 (551 uniques)"	"124567 (718 uniques)"
"12_T"	"35050 (13781 uniques)"	"34191 (252 uniques)"	"31848 (257 uniques)"
"12c"	"87182 (35136 uniques)"	"84994 (602 uniques)"	"80270 (638 uniques)"
"12s"	"10073 (7678 uniques)"	"8442 (278 uniques)"	"5548 (178 uniques)"
"13_AM21"	"81077 (24870 uniques)"	"78369 (812 uniques)"	"74445 (675 uniques)"
"13_MSCAII"	"8027 (3881 uniques)"	"7561 (146 uniques)"	"7141 (131 uniques)"
"13_MSCAII_repeat_1_10_dilution"	"87 (81 uniques)"	"15 (2 uniques)"	"11 (1 uniques)"
"13_MSCAII_repeat"	"181284 (66409 uniques)"	"177853 (1152 uniques)"	"169575 (1279 uniques)"
"13_T"	"31743 (12647 uniques)"	"30734 (262 uniques)"	"28555 (260 uniques)"
"13c"	"82201 (35031 uniques)"	"80263 (654 uniques)"	"75254 (678 uniques)"
"13s"	"14878 (11343 uniques)"	"12734 (355 uniques)"	"8794 (257 uniques)"
"14_AM21"	"91551 (28987 uniques)"	"88521 (1000 uniques)"	"83962 (807 uniques)"
"14_MSCAII"	"15216 (7149 uniques)"	"14651 (202 uniques)"	"13739 (182 uniques)"
"14_MSCAII_repeat"	"154555 (56490 uniques)"	"151307 (891 uniques)"	"144171 (1008 uniques)"
"14_T"	"29740 (12447 uniques)"	"29128 (198 uniques)"	"26187 (201 uniques)"
"14c"	"80689 (30240 uniques)"	"78402 (645 uniques)"	"73928 (660 uniques)"
"14s"	"16851 (12667 uniques)"	"14586 (418 uniques)"	"10450 (295 uniques)"
"15_AM21"	"55784 (19227 uniques)"	"53603 (602 uniques)"	"50655 (511 uniques)"
"15_MSCAII"	"19564 (7656 uniques)"	"19174 (155 uniques)"	"18506 (149 uniques)"
"15_MSCAII_repeat_1_10_dilution"	"78 (72 uniques)"	"33 (4 uniques)"	"16 (2 uniques)"
"15_MSCAII_repeat"	"140199 (45768 uniques)"	"138052 (575 uniques)"	"131999 (701 uniques)"
"15_T"	"30149 (11936 uniques)"	"29352 (240 uniques)"	"27136 (232 uniques)"
"15c"	"63251 (26692 uniques)"	"60769 (556 uniques)"	"56742 (591 uniques)"
"16_AM21"	"83310 (34052 uniques)"	"79525 (1350 uniques)"	"73577 (1082 uniques)"
"16_MSCAII"	"17334 (6439 uniques)"	"17032 (86 uniques)"	"16597 (77 uniques)"
"16_MSCAII_repeat_1_10_dilution"	"191 (141 uniques)"	"147 (10 uniques)"	"110 (7 uniques)"
"16_MSCAII_repeat"	"126397 (37129 uniques)"	"125335 (358 uniques)"	"121563 (426 uniques)"
"16_T"	"29026 (12712 uniques)"	"28297 (215 uniques)"	"25474 (219 uniques)"
"16c"	"70076 (30962 uniques)"	"67821 (566 uniques)"	"63859 (613 uniques)"
"17_AM21"	"77643 (26556 uniques)"	"74785 (891 uniques)"	"70014 (732 uniques)"
"17_MSCAII"	"41370 (17060 uniques)"	"40360 (303 uniques)"	"38344 (316 uniques)"
"17_T"	"26001 (9470 uniques)"	"25382 (180 uniques)"	"23737 (190 uniques)"
"17c"	"70824 (27774 uniques)"	"68451 (546 uniques)"	"64732 (592 uniques)"
"18_AM21"	"65236 (26510 uniques)"	"62687 (886 uniques)"	"58198 (756 uniques)"
"18_MSCAII"	"22502 (10171 uniques)"	"21841 (215 uniques)"	"20755 (201 uniques)"
"18_T"	"27910 (11707 uniques)"	"27450 (181 uniques)"	"24926 (198 uniques)"
"18c"	"54811 (26098 uniques)"	"52554 (555 uniques)"	"49035 (530 uniques)"
"19_AM21"	"83433 (24036 uniques)"	"80568 (919 uniques)"	"76525 (708 uniques)"
"19_MSCAII"	"23585 (9800 uniques)"	"22923 (205 uniques)"	"21696 (229 uniques)"
"19_T"	"20849 (8700 uniques)"	"20212 (191 uniques)"	"18501 (194 uniques)"
"19c"	"49608 (20318 uniques)"	"49035 (400 uniques)"	"47525 (408 uniques)"
"1_AM21"	"55624 (24088 uniques)"	"52914 (780 uniques)"	"48620 (626 uniques)"
"1_MSCAII"	"44815 (18430 uniques)"	"43534 (356 uniques)"	"41499 (402 uniques)"
"1c"	"70566 (31249 uniques)"	"67469 (676 uniques)"	"62839 (647 uniques)"
"1s"	"15082 (11664 uniques)"	"12769 (386 uniques)"	"8260 (251 uniques)"
"20_AM21"	"54760 (14514 uniques)"	"54361 (454 uniques)"	"53641 (433 uniques)"
"20_MSCAII"	"26109 (11060 uniques)"	"25335 (217 uniques)"	"24075 (238 uniques)"
"20_T"	"22139 (10376 uniques)"	"21128 (249 uniques)"	"18883 (225 uniques)"
"20c"	"50072 (20322 uniques)"	"49497 (346 uniques)"	"47434 (332 uniques)"
"21_AM21"	"97410 (26119 uniques)"	"94596 (918 uniques)"	"90845 (750 uniques)"
"21_MSCAII"	"32241 (12133 uniques)"	"31648 (141 uniques)"	"30330 (148 uniques)"
"21_T"	"21590 (9738 uniques)"	"20440 (227 uniques)"	"16993 (195 uniques)"
"21c"	"88213 (36064 uniques)"	"85666 (695 uniques)"	"80882 (760 uniques)"
"22_AM21"	"89876 (30934 uniques)"	"87230 (801 uniques)"	"82167 (677 uniques)"
"22_MSCAII"	"38781 (13746 uniques)"	"38122 (157 uniques)"	"36575 (159 uniques)"
"22_T"	"34293 (14563 uniques)"	"33269 (299 uniques)"	"30537 (285 uniques)"
"22c"	"73795 (32570 uniques)"	"71144 (704 uniques)"	"66682 (675 uniques)"
"23_AM21"	"82549 (36096 uniques)"	"79207 (1209 uniques)"	"73115 (1027 uniques)"
"23_MSCAII"	"47167 (15313 uniques)"	"46606 (214 uniques)"	"44583 (221 uniques)"
"23_T"	"37922 (13533 uniques)"	"36989 (246 uniques)"	"34661 (246 uniques)"
"23c"	"81091 (33028 uniques)"	"78921 (680 uniques)"	"74994 (696 uniques)"
"24_AM21"	"69724 (29616 uniques)"	"66569 (996 uniques)"	"60988 (817 uniques)"
"24_MSCAII"	"40445 (16097 uniques)"	"39761 (208 uniques)"	"37434 (243 uniques)"
"24_T"	"28442 (12599 uniques)"	"27294 (296 uniques)"	"24383 (265 uniques)"
"24c"	"58650 (26056 uniques)"	"57383 (532 uniques)"	"54334 (494 uniques)"
"25_AM21"	"74662 (30245 uniques)"	"71556 (1068 uniques)"	"66321 (878 uniques)"
"25_MSCAII"	"41375 (17650 uniques)"	"40437 (309 uniques)"	"38525 (348 uniques)"
"25_T"	"16979 (7525 uniques)"	"16229 (177 uniques)"	"14632 (156 uniques)"
"25c"	"65940 (31432 uniques)"	"63722 (702 uniques)"	"59018 (678 uniques)"
"26_AM21"	"74744 (28182 uniques)"	"72004 (996 uniques)"	"67461 (861 uniques)"
"26_MSCAII"	"24384 (11602 uniques)"	"23468 (239 uniques)"	"21983 (250 uniques)"
"26_T"	"20467 (7822 uniques)"	"19845 (157 uniques)"	"18610 (144 uniques)"
"26c"	"59928 (27804 uniques)"	"57439 (679 uniques)"	"53683 (619 uniques)"
"27_AM21"	"79946 (29298 uniques)"	"77051 (1048 uniques)"	"72289 (857 uniques)"
"27_MSCAII"	"20796 (7760 uniques)"	"20389 (113 uniques)"	"19536 (107 uniques)"
"27_T"	"15520 (6883 uniques)"	"14880 (179 uniques)"	"13496 (151 uniques)"
"27c"	"57542 (24260 uniques)"	"55842 (529 uniques)"	"52969 (527 uniques)"
"28_AM21"	"77280 (28226 uniques)"	"74315 (1340 uniques)"	"70036 (1098 uniques)"
"28_MSCAII"	"25638 (9848 uniques)"	"25144 (120 uniques)"	"23677 (119 uniques)"
"28_T"	"28277 (10957 uniques)"	"27399 (256 uniques)"	"25026 (258 uniques)"
"28c"	"43878 (18708 uniques)"	"42010 (608 uniques)"	"39877 (521 uniques)"
"29_AM21"	"110232 (39114 uniques)"	"107144 (1029 uniques)"	"100092 (881 uniques)"
"29_MSCAII"	"28306 (10584 uniques)"	"27872 (130 uniques)"	"26539 (127 uniques)"
"29_T"	"22371 (9685 uniques)"	"21374 (228 uniques)"	"19208 (213 uniques)"
"29c"	"27281 (12716 uniques)"	"26093 (342 uniques)"	"24745 (335 uniques)"
"2_AM21"	"51517 (22433 uniques)"	"48578 (852 uniques)"	"44879 (685 uniques)"
"2_MSCAII"	"24585 (10957 uniques)"	"23671 (250 uniques)"	"22292 (274 uniques)"
"2c"	"65791 (26478 uniques)"	"63719 (566 uniques)"	"60342 (593 uniques)"
"2s"	"13449 (10071 uniques)"	"11527 (368 uniques)"	"7527 (237 uniques)"
"30_AM21"	"103473 (29166 uniques)"	"100301 (1041 uniques)"	"95735 (848 uniques)"
"30_MSCAII"	"17392 (6869 uniques)"	"16994 (91 uniques)"	"16375 (92 uniques)"
"30_T"	"15270 (5582 uniques)"	"14671 (140 uniques)"	"13524 (122 uniques)"
"30c"	"72516 (23227 uniques)"	"70859 (486 uniques)"	"68780 (484 uniques)"
"31_AM21"	"98082 (34743 uniques)"	"94668 (1138 uniques)"	"88671 (981 uniques)"
"31_MSCAII"	"29120 (11572 uniques)"	"28360 (258 uniques)"	"27286 (261 uniques)"
"31_T"	"22888 (9228 uniques)"	"22239 (184 uniques)"	"20445 (190 uniques)"
"31c"	"75534 (29110 uniques)"	"73196 (624 uniques)"	"68993 (598 uniques)"
"32_AM21"	"80388 (33353 uniques)"	"77237 (1048 uniques)"	"70561 (896 uniques)"
"32_MSCAII"	"27872 (12016 uniques)"	"26838 (253 uniques)"	"25473 (262 uniques)"
"32_T"	"32977 (13137 uniques)"	"31871 (320 uniques)"	"28942 (301 uniques)"
"32c"	"57555 (25708 uniques)"	"56402 (555 uniques)"	"53398 (540 uniques)"
"33_AM21"	"61714 (21576 uniques)"	"58929 (841 uniques)"	"55167 (672 uniques)"
"33_MSCAII"	"24010 (7399 uniques)"	"23727 (124 uniques)"	"23117 (127 uniques)"
"33_T"	"15350 (7292 uniques)"	"14861 (186 uniques)"	"13577 (152 uniques)"
"33c"	"63949 (24916 uniques)"	"61984 (508 uniques)"	"58614 (551 uniques)"
"34_AM21"	"58829 (24870 uniques)"	"56128 (935 uniques)"	"51963 (813 uniques)"
"34_MSCAII"	"26284 (9406 uniques)"	"25884 (117 uniques)"	"24801 (113 uniques)"
"34_T"	"31072 (9514 uniques)"	"30597 (184 uniques)"	"29279 (173 uniques)"
"34c"	"56851 (25259 uniques)"	"54419 (601 uniques)"	"51217 (573 uniques)"
"35_AM21"	"76539 (32332 uniques)"	"73921 (853 uniques)"	"67236 (760 uniques)"
"35_MSCAII"	"17622 (8469 uniques)"	"17254 (127 uniques)"	"16010 (118 uniques)"
"35_T"	"18395 (6380 uniques)"	"17843 (152 uniques)"	"16918 (130 uniques)"
"35c"	"67588 (25423 uniques)"	"65529 (523 uniques)"	"62469 (533 uniques)"
"36_AM21"	"86755 (36878 uniques)"	"83511 (1202 uniques)"	"76943 (1045 uniques)"
"36_MSCAII"	"33480 (13208 uniques)"	"32873 (188 uniques)"	"31256 (208 uniques)"
"36_T"	"24534 (8671 uniques)"	"23901 (192 uniques)"	"22749 (161 uniques)"
"36c"	"42750 (19522 uniques)"	"41214 (458 uniques)"	"38822 (412 uniques)"
"37_AM21"	"98664 (35471 uniques)"	"95270 (1186 uniques)"	"89232 (988 uniques)"
"37_MSCAII"	"27458 (10888 uniques)"	"26827 (213 uniques)"	"25497 (236 uniques)"
"37_T"	"40094 (9884 uniques)"	"39666 (117 uniques)"	"38642 (128 uniques)"
"37c"	"54920 (20245 uniques)"	"54403 (359 uniques)"	"52970 (348 uniques)"
"38_AM21"	"74379 (36391 uniques)"	"71249 (1340 uniques)"	"64925 (1136 uniques)"
"38_MSCAII"	"23095 (9012 uniques)"	"22499 (181 uniques)"	"21470 (191 uniques)"
"38_T"	"24931 (9093 uniques)"	"24199 (191 uniques)"	"22874 (170 uniques)"
"38c"	"45076 (18246 uniques)"	"44195 (445 uniques)"	"42656 (418 uniques)"
"39_AM21"	"63414 (22266 uniques)"	"61194 (654 uniques)"	"58146 (571 uniques)"
"39_MSCAII"	"28996 (11044 uniques)"	"28471 (142 uniques)"	"27145 (160 uniques)"
"39_T"	"9437 (4099 uniques)"	"9274 (128 uniques)"	"8927 (126 uniques)"
"39c"	"62668 (21560 uniques)"	"62005 (361 uniques)"	"60484 (382 uniques)"
"3_AM21"	"66164 (23097 uniques)"	"63775 (591 uniques)"	"60258 (498 uniques)"
"3_MSCAII"	"26394 (9909 uniques)"	"25842 (130 uniques)"	"24727 (116 uniques)"
"3c"	"44135 (21343 uniques)"	"42353 (536 uniques)"	"39119 (482 uniques)"
"3s"	"9102 (7431 uniques)"	"7344 (237 uniques)"	"4475 (147 uniques)"
"40_AM21"	"43014 (20008 uniques)"	"40729 (775 uniques)"	"37238 (617 uniques)"
"40_MSCAII"	"25977 (9584 uniques)"	"25634 (140 uniques)"	"24477 (152 uniques)"
"40_T"	"15477 (5830 uniques)"	"15260 (182 uniques)"	"14938 (184 uniques)"
"40c"	"54009 (26804 uniques)"	"51364 (630 uniques)"	"47061 (554 uniques)"
"41_MSCAII"	"24606 (9605 uniques)"	"24193 (147 uniques)"	"23092 (165 uniques)"
"41_T"	"33972 (15979 uniques)"	"32793 (297 uniques)"	"30381 (294 uniques)"
"41c"	"59966 (28938 uniques)"	"57674 (631 uniques)"	"53367 (640 uniques)"
"42_MSCAII"	"25229 (10562 uniques)"	"24677 (142 uniques)"	"23330 (156 uniques)"
"42_T"	"19780 (9134 uniques)"	"19217 (210 uniques)"	"18298 (191 uniques)"
"42c"	"51234 (20759 uniques)"	"50535 (405 uniques)"	"48815 (387 uniques)"
"43_MSCAII"	"30180 (11855 uniques)"	"29452 (226 uniques)"	"28113 (249 uniques)"
"43_T"	"26406 (11822 uniques)"	"25270 (239 uniques)"	"23828 (224 uniques)"
"43c"	"60494 (22999 uniques)"	"59035 (425 uniques)"	"56623 (454 uniques)"
"44_MSCAII"	"20467 (9018 uniques)"	"19857 (190 uniques)"	"18740 (199 uniques)"
"44_T"	"38497 (15681 uniques)"	"37444 (322 uniques)"	"35489 (309 uniques)"
"44c"	"73979 (25747 uniques)"	"73024 (398 uniques)"	"70096 (437 uniques)"
"45_MSCAII"	"27870 (10706 uniques)"	"27423 (152 uniques)"	"26331 (151 uniques)"
"45_T"	"36951 (15120 uniques)"	"35929 (280 uniques)"	"34155 (269 uniques)"
"45c"	"49730 (19082 uniques)"	"48949 (326 uniques)"	"46660 (354 uniques)"
"46_MSCAII"	"27549 (10104 uniques)"	"27006 (138 uniques)"	"26047 (153 uniques)"
"46_T"	"45837 (19171 uniques)"	"44400 (341 uniques)"	"41562 (325 uniques)"
"46c"	"70212 (18949 uniques)"	"69496 (286 uniques)"	"67189 (265 uniques)"
"47_AM21"	"63211 (29829 uniques)"	"60270 (1057 uniques)"	"54663 (882 uniques)"
"47_MSCAII"	"33601 (13761 uniques)"	"33092 (158 uniques)"	"31390 (173 uniques)"
"47_T"	"35300 (15249 uniques)"	"34279 (254 uniques)"	"32324 (249 uniques)"
"47c"	"40184 (14348 uniques)"	"38899 (410 uniques)"	"37321 (410 uniques)"
"48_AM21"	"62696 (26241 uniques)"	"60423 (751 uniques)"	"56005 (651 uniques)"
"48_MSCAII"	"28975 (11340 uniques)"	"28481 (154 uniques)"	"27328 (161 uniques)"
"48_T"	"23636 (9986 uniques)"	"22899 (196 uniques)"	"21871 (188 uniques)"
"48c"	"76046 (29546 uniques)"	"73638 (554 uniques)"	"69735 (586 uniques)"
"49_AM21"	"86734 (23182 uniques)"	"83970 (920 uniques)"	"80683 (689 uniques)"
"49_MSCAII"	"26952 (9026 uniques)"	"25886 (201 uniques)"	"24779 (182 uniques)"
"49_T"	"18966 (8966 uniques)"	"18140 (169 uniques)"	"16782 (161 uniques)"
"49c"	"29820 (12577 uniques)"	"28732 (281 uniques)"	"26892 (299 uniques)"
"4_AM21"	"77540 (26154 uniques)"	"74307 (987 uniques)"	"70301 (798 uniques)"
"4_MSCAII"	"31384 (11559 uniques)"	"30881 (145 uniques)"	"29800 (137 uniques)"
"4c"	"54953 (24022 uniques)"	"52808 (618 uniques)"	"49745 (595 uniques)"
"4s"	"12391 (9663 uniques)"	"10167 (324 uniques)"	"6118 (200 uniques)"
"50_AM21"	"88305 (27273 uniques)"	"85627 (852 uniques)"	"81781 (692 uniques)"
"50_MSCAII"	"20723 (7200 uniques)"	"19727 (167 uniques)"	"18977 (146 uniques)"
"50_T"	"29555 (12785 uniques)"	"28666 (227 uniques)"	"26821 (215 uniques)"
"50c"	"17645 (6124 uniques)"	"17227 (121 uniques)"	"16529 (120 uniques)"
"51_AM21"	"68528 (24041 uniques)"	"65738 (831 uniques)"	"61712 (659 uniques)"
"51_MSCAII"	"30161 (13752 uniques)"	"28784 (288 uniques)"	"26713 (285 uniques)"
"51_T"	"33473 (13075 uniques)"	"32754 (218 uniques)"	"30767 (266 uniques)"
"51c"	"15193 (4789 uniques)"	"14858 (111 uniques)"	"14408 (105 uniques)"
"52_AM21"	"80926 (25361 uniques)"	"77793 (1099 uniques)"	"73965 (894 uniques)"
"52_MSCAII"	"18547 (6670 uniques)"	"17656 (138 uniques)"	"17000 (123 uniques)"
"52_T"	"30238 (12718 uniques)"	"29523 (216 uniques)"	"27467 (212 uniques)"
"52c"	"24052 (11047 uniques)"	"23025 (278 uniques)"	"21682 (262 uniques)"
"53_AM21"	"59704 (16302 uniques)"	"59307 (502 uniques)"	"58321 (451 uniques)"
"53_MSCAII"	"24687 (9426 uniques)"	"23468 (213 uniques)"	"22296 (206 uniques)"
"53_T"	"9179 (4505 uniques)"	"8907 (90 uniques)"	"8145 (77 uniques)"
"53c"	"22174 (7206 uniques)"	"21789 (157 uniques)"	"20910 (140 uniques)"
"54_AM21"	"53835 (25667 uniques)"	"51124 (899 uniques)"	"46318 (727 uniques)"
"54_MSCAII"	"22598 (9132 uniques)"	"21782 (177 uniques)"	"20717 (154 uniques)"
"54_T"	"31829 (12090 uniques)"	"31121 (203 uniques)"	"29097 (256 uniques)"
"54c"	"25079 (9467 uniques)"	"24563 (190 uniques)"	"23375 (187 uniques)"
"55_AM21"	"67450 (24282 uniques)"	"64632 (789 uniques)"	"60556 (637 uniques)"
"55_MSCAII"	"167737 (48375 uniques)"	"165170 (555 uniques)"	"159933 (605 uniques)"
"55_T"	"30765 (11374 uniques)"	"30093 (187 uniques)"	"28423 (221 uniques)"
"55c"	"27315 (10406 uniques)"	"26775 (189 uniques)"	"25402 (177 uniques)"
"56_AM21"	"102157 (27050 uniques)"	"99222 (1006 uniques)"	"94929 (778 uniques)"
"56_MSCAII"	"117319 (47640 uniques)"	"113533 (972 uniques)"	"106235 (939 uniques)"
"56_T"	"28155 (10076 uniques)"	"27631 (208 uniques)"	"26309 (205 uniques)"
"56c"	"28698 (13035 uniques)"	"27413 (293 uniques)"	"25574 (295 uniques)"
"57_AM21"	"92876 (25849 uniques)"	"90096 (899 uniques)"	"85988 (739 uniques)"
"57_MSCAII"	"53949 (15174 uniques)"	"53828 (104 uniques)"	"53675 (134 uniques)"
"57_T"	"19035 (7853 uniques)"	"18490 (152 uniques)"	"17220 (206 uniques)"
"57c"	"28980 (12297 uniques)"	"27942 (267 uniques)"	"26518 (284 uniques)"
"58_AM21"	"78540 (24175 uniques)"	"75455 (875 uniques)"	"71786 (703 uniques)"
"58_MSCAII"	"7089 (2609 uniques)"	"6963 (106 uniques)"	"6683 (89 uniques)"
"58_T"	"20178 (7947 uniques)"	"19592 (138 uniques)"	"18259 (203 uniques)"
"58c"	"27740 (10732 uniques)"	"27082 (224 uniques)"	"25430 (222 uniques)"
"59_AM21"	"92385 (20595 uniques)"	"89658 (789 uniques)"	"86998 (627 uniques)"
"59_T"	"26246 (10797 uniques)"	"25660 (184 uniques)"	"23667 (218 uniques)"
"59c"	"11161 (4708 uniques)"	"10840 (124 uniques)"	"10432 (115 uniques)"
"5_AM21"	"48112 (12037 uniques)"	"47700 (331 uniques)"	"47049 (296 uniques)"
"5_MSCAII"	"25274 (10877 uniques)"	"24717 (257 uniques)"	"23667 (264 uniques)"
"5c"	"83210 (30349 uniques)"	"80953 (557 uniques)"	"76535 (589 uniques)"
"5s"	"28772 (19197 uniques)"	"26040 (700 uniques)"	"20327 (514 uniques)"
"60_AM21"	"89509 (28117 uniques)"	"87023 (822 uniques)"	"83065 (720 uniques)"
"60_T"	"27922 (11286 uniques)"	"27207 (207 uniques)"	"25460 (242 uniques)"
"60c"	"13464 (5319 uniques)"	"13077 (148 uniques)"	"12531 (123 uniques)"
"61_AM21"	"74782 (24664 uniques)"	"72273 (919 uniques)"	"67909 (753 uniques)"
"61_T"	"40326 (15032 uniques)"	"39632 (249 uniques)"	"37319 (324 uniques)"
"61c"	"17756 (6480 uniques)"	"17335 (150 uniques)"	"16773 (144 uniques)"
"62_AM21"	"50423 (12588 uniques)"	"50185 (328 uniques)"	"49708 (316 uniques)"
"62_T"	"26169 (11064 uniques)"	"25618 (211 uniques)"	"24026 (197 uniques)"
"62c"	"22588 (9742 uniques)"	"21670 (273 uniques)"	"20532 (266 uniques)"
"63_AM21"	"80560 (25791 uniques)"	"77587 (815 uniques)"	"73034 (647 uniques)"
"63_T"	"18988 (3275 uniques)"	"18766 (67 uniques)"	"18534 (49 uniques)"
"63c"	"33715 (14347 uniques)"	"32583 (332 uniques)"	"30677 (364 uniques)"
"64_AM21"	"93768 (26769 uniques)"	"91201 (778 uniques)"	"87092 (678 uniques)"
"64_T"	"17173 (3938 uniques)"	"16715 (103 uniques)"	"16364 (82 uniques)"
"64c"	"29189 (10203 uniques)"	"28649 (177 uniques)"	"27048 (158 uniques)"
"64c_repeat_1_10_dilution"	"123 (109 uniques)"	"61 (6 uniques)"	"55 (6 uniques)"
"64c_repeat"	"109247 (31102 uniques)"	"107792 (421 uniques)"	"103337 (489 uniques)"
"65_AM21"	"79426 (22700 uniques)"	"76872 (786 uniques)"	"73386 (623 uniques)"
"65_T"	"14661 (2702 uniques)"	"14382 (57 uniques)"	"14145 (43 uniques)"
"65c"	"24879 (10817 uniques)"	"23962 (260 uniques)"	"22414 (274 uniques)"
"66_AM21"	"84928 (22376 uniques)"	"82378 (740 uniques)"	"78782 (606 uniques)"
"66_T"	"19452 (3592 uniques)"	"19238 (44 uniques)"	"18967 (36 uniques)"
"66c"	"23579 (8790 uniques)"	"23001 (171 uniques)"	"21668 (164 uniques)"
"67_AM21"	"39987 (9771 uniques)"	"39724 (210 uniques)"	"39184 (194 uniques)"
"67_T"	"8042 (2542 uniques)"	"7778 (65 uniques)"	"7591 (58 uniques)"
"67c"	"25711 (10708 uniques)"	"24819 (244 uniques)"	"23518 (251 uniques)"
"68_AM21"	"91904 (32150 uniques)"	"88308 (1277 uniques)"	"83210 (1039 uniques)"
"68_T"	"10004 (2260 uniques)"	"9795 (45 uniques)"	"9639 (31 uniques)"
"68c"	"14827 (5116 uniques)"	"14494 (122 uniques)"	"14086 (99 uniques)"
"69_AM21"	"104778 (30914 uniques)"	"102467 (610 uniques)"	"98193 (545 uniques)"
"69_T"	"10187 (2454 uniques)"	"9851 (70 uniques)"	"9549 (61 uniques)"
"69c"	"13617 (6004 uniques)"	"13110 (193 uniques)"	"12319 (175 uniques)"
"6_AM21"	"90066 (23618 uniques)"	"87168 (776 uniques)"	"83740 (608 uniques)"
"6_MSCAII"	"26918 (11339 uniques)"	"26269 (251 uniques)"	"25340 (254 uniques)"
"6c"	"54507 (25849 uniques)"	"52093 (579 uniques)"	"48135 (558 uniques)"
"6s"	"28437 (18906 uniques)"	"25698 (666 uniques)"	"19308 (443 uniques)"
"70_AM21"	"79677 (21774 uniques)"	"77210 (667 uniques)"	"73982 (580 uniques)"
"70_T"	"10552 (2631 uniques)"	"10220 (121 uniques)"	"9936 (93 uniques)"
"70c"	"30198 (11070 uniques)"	"29699 (177 uniques)"	"28536 (188 uniques)"
"71_AM21"	"63149 (19150 uniques)"	"61108 (547 uniques)"	"58357 (452 uniques)"
"71_T"	"10438 (1967 uniques)"	"10213 (32 uniques)"	"10077 (25 uniques)"
"71c"	"24896 (10632 uniques)"	"24234 (226 uniques)"	"22750 (215 uniques)"
"72_AM21"	"73016 (24142 uniques)"	"70318 (842 uniques)"	"66109 (701 uniques)"
"72_T"	"11346 (3790 uniques)"	"10848 (133 uniques)"	"10263 (114 uniques)"
"72c"	"25022 (7507 uniques)"	"24611 (124 uniques)"	"23673 (104 uniques)"
"73_AM21"	"78919 (24976 uniques)"	"76172 (843 uniques)"	"72135 (687 uniques)"
"73_T"	"17291 (3620 uniques)"	"17028 (83 uniques)"	"16769 (67 uniques)"
"73c"	"40485 (16567 uniques)"	"39208 (345 uniques)"	"37180 (374 uniques)"
"73c_repeat"	"126611 (44682 uniques)"	"123435 (759 uniques)"	"117415 (923 uniques)"
"74_AM21"	"67238 (26413 uniques)"	"64375 (945 uniques)"	"59707 (743 uniques)"
"74_T"	"9249 (1632 uniques)"	"9092 (11 uniques)"	"8999 (5 uniques)"
"74c"	"25439 (7642 uniques)"	"25017 (121 uniques)"	"24180 (116 uniques)"
"75_AM21"	"80207 (29695 uniques)"	"77484 (880 uniques)"	"72486 (755 uniques)"
"75_T"	"6151 (1395 uniques)"	"5966 (26 uniques)"	"5921 (22 uniques)"
"75c"	"24871 (12211 uniques)"	"23771 (220 uniques)"	"21392 (199 uniques)"
"76_AM21"	"74025 (27164 uniques)"	"71152 (944 uniques)"	"65402 (777 uniques)"
"76_T"	"9949 (2634 uniques)"	"9565 (82 uniques)"	"9260 (65 uniques)"
"76c"	"22736 (9902 uniques)"	"21884 (273 uniques)"	"20594 (252 uniques)"
"77_AM21"	"74970 (31209 uniques)"	"73595 (514 uniques)"	"70079 (480 uniques)"
"77_T"	"9855 (1940 uniques)"	"9673 (39 uniques)"	"9557 (30 uniques)"
"77c"	"23807 (7946 uniques)"	"23356 (158 uniques)"	"22280 (147 uniques)"
"78_AM21"	"82002 (23279 uniques)"	"79445 (702 uniques)"	"75805 (564 uniques)"
"78_T"	"14053 (4429 uniques)"	"13558 (148 uniques)"	"12785 (113 uniques)"
"78c"	"20284 (9074 uniques)"	"19715 (209 uniques)"	"18436 (210 uniques)"
"79_AM21"	"53851 (22926 uniques)"	"51274 (886 uniques)"	"47376 (702 uniques)"
"79_T"	"10434 (2710 uniques)"	"10076 (105 uniques)"	"9651 (77 uniques)"
"79c"	"17242 (7089 uniques)"	"16841 (140 uniques)"	"16028 (142 uniques)"
"7_AM21"	"62533 (21305 uniques)"	"60016 (871 uniques)"	"56752 (708 uniques)"
"7_MSCAII"	"25202 (11138 uniques)"	"24282 (296 uniques)"	"23044 (293 uniques)"
"7c"	"71418 (29410 uniques)"	"69124 (592 uniques)"	"65001 (585 uniques)"
"7s"	"12229 (9900 uniques)"	"9921 (288 uniques)"	"6145 (182 uniques)"
"80_AM21"	"55793 (20031 uniques)"	"53412 (704 uniques)"	"50113 (586 uniques)"
"80_T"	"8890 (2882 uniques)"	"8440 (111 uniques)"	"7961 (92 uniques)"
"80c"	"19961 (8131 uniques)"	"19481 (143 uniques)"	"18465 (154 uniques)"
"81_AM21"	"68231 (25333 uniques)"	"66113 (608 uniques)"	"61760 (548 uniques)"
"81_T"	"8264 (1938 uniques)"	"8012 (61 uniques)"	"7806 (47 uniques)"
"81c"	"33047 (11846 uniques)"	"32476 (212 uniques)"	"30937 (228 uniques)"
"82_AM21"	"73386 (25056 uniques)"	"70557 (874 uniques)"	"66414 (666 uniques)"
"82_T"	"7306 (1605 uniques)"	"7111 (45 uniques)"	"6982 (35 uniques)"
"82c"	"28328 (12949 uniques)"	"26985 (318 uniques)"	"25205 (324 uniques)"
"83_AM21"	"59427 (17288 uniques)"	"59052 (550 uniques)"	"58216 (528 uniques)"
"83_T"	"9283 (2217 uniques)"	"9081 (65 uniques)"	"8848 (50 uniques)"
"83c"	"27903 (9057 uniques)"	"27458 (147 uniques)"	"26390 (154 uniques)"
"84_AM21"	"79636 (31583 uniques)"	"76700 (977 uniques)"	"70817 (838 uniques)"
"84_T"	"8781 (1965 uniques)"	"8563 (71 uniques)"	"8449 (56 uniques)"
"84c"	"28401 (9244 uniques)"	"27864 (169 uniques)"	"26808 (155 uniques)"
"85_AM21"	"58400 (26002 uniques)"	"55590 (1118 uniques)"	"51199 (907 uniques)"
"85_T"	"15945 (4415 uniques)"	"15340 (173 uniques)"	"14570 (108 uniques)"
"85c"	"21239 (8437 uniques)"	"20637 (177 uniques)"	"19341 (163 uniques)"
"86_AM21"	"57638 (26261 uniques)"	"54885 (909 uniques)"	"50316 (767 uniques)"
"86_T"	"10663 (2703 uniques)"	"10245 (89 uniques)"	"9955 (75 uniques)"
"86c"	"30235 (12470 uniques)"	"29261 (285 uniques)"	"27776 (309 uniques)"
"87_AM21"	"49914 (18360 uniques)"	"47541 (730 uniques)"	"44498 (596 uniques)"
"87_T"	"5054 (1067 uniques)"	"4946 (14 uniques)"	"4908 (9 uniques)"
"87c"	"25284 (9156 uniques)"	"24729 (194 uniques)"	"23521 (199 uniques)"
"88_AM21"	"67937 (24822 uniques)"	"65330 (876 uniques)"	"61387 (755 uniques)"
"88_T"	"11244 (3453 uniques)"	"10892 (97 uniques)"	"10544 (79 uniques)"
"88c"	"24288 (11488 uniques)"	"23475 (278 uniques)"	"21997 (270 uniques)"
"89_AM21"	"69707 (32243 uniques)"	"66464 (1150 uniques)"	"60769 (934 uniques)"
"89_T"	"18541 (2968 uniques)"	"18304 (28 uniques)"	"18201 (22 uniques)"
"89c"	"54818 (19368 uniques)"	"53883 (299 uniques)"	"51344 (370 uniques)"
"8_AM21"	"88042 (34355 uniques)"	"84468 (990 uniques)"	"78567 (860 uniques)"
"8_MSCAII"	"35388 (14706 uniques)"	"34460 (329 uniques)"	"32778 (341 uniques)"
"8c"	"50800 (20829 uniques)"	"50243 (416 uniques)"	"48535 (413 uniques)"
"8s"	"16016 (12557 uniques)"	"13515 (389 uniques)"	"8698 (259 uniques)"
"90_AM21"	"78877 (18485 uniques)"	"76401 (735 uniques)"	"74034 (585 uniques)"
"90_T"	"7294 (1191 uniques)"	"7202 (14 uniques)"	"7171 (10 uniques)"
"90c"	"33339 (12890 uniques)"	"32356 (245 uniques)"	"30859 (264 uniques)"
"91_AM21"	"79889 (31511 uniques)"	"78379 (524 uniques)"	"74834 (470 uniques)"
"91_T"	"11944 (2324 uniques)"	"11737 (55 uniques)"	"11577 (43 uniques)"
"91c"	"33201 (13143 uniques)"	"32574 (209 uniques)"	"30790 (215 uniques)"
"92_AM21"	"76514 (28023 uniques)"	"73633 (986 uniques)"	"69031 (798 uniques)"
"92_T"	"10042 (2947 uniques)"	"9621 (91 uniques)"	"9196 (70 uniques)"
"92c"	"35031 (12731 uniques)"	"34331 (219 uniques)"	"32636 (238 uniques)"
"93_AM21"	"55317 (23011 uniques)"	"54182 (435 uniques)"	"51624 (395 uniques)"
"93c"	"105591 (40092 uniques)"	"102689 (673 uniques)"	"97028 (769 uniques)"
"94_AM21"	"60978 (19503 uniques)"	"58471 (662 uniques)"	"55459 (527 uniques)"
"94c"	"114207 (37199 uniques)"	"112581 (522 uniques)"	"106850 (633 uniques)"
"95_AM21"	"56393 (19715 uniques)"	"54351 (496 uniques)"	"51202 (422 uniques)"
"95c"	"118151 (35674 uniques)"	"116756 (375 uniques)"	"110900 (562 uniques)"
"96_AM21"	"66392 (20178 uniques)"	"63774 (799 uniques)"	"60493 (624 uniques)"
"96c"	"39485 (17881 uniques)"	"38228 (324 uniques)"	"36069 (356 uniques)"
"97_AM21"	"72230 (25890 uniques)"	"69532 (955 uniques)"	"64628 (774 uniques)"
"97c"	"36267 (12684 uniques)"	"35456 (231 uniques)"	"33698 (235 uniques)"
"98_AM21"	"83164 (25748 uniques)"	"80332 (895 uniques)"	"76124 (755 uniques)"
"98c"	"34311 (13822 uniques)"	"33666 (226 uniques)"	"32113 (238 uniques)"
"99_AM21"	"114594 (48199 uniques)"	"110971 (1270 uniques)"	"102108 (1126 uniques)"
"99c"	"45111 (13366 uniques)"	"44519 (201 uniques)"	"42983 (242 uniques)"
"9_AM21"	"70411 (24756 uniques)"	"67918 (650 uniques)"	"63458 (549 uniques)"
"9_MSCAII"	"26952 (11731 uniques)"	"26269 (256 uniques)"	"25056 (264 uniques)"
"9c"	"67165 (31881 uniques)"	"64634 (716 uniques)"	"59583 (638 uniques)"
"9s"	"12302 (10059 uniques)"	"9874 (280 uniques)"	"5858 (174 uniques)"
"EB_buffer"	"413 (292 uniques)"	"303 (10 uniques)"	"273 (8 uniques)"
"Ext._contrl_A10"	"451 (319 uniques)"	"334 (16 uniques)"	"272 (10 uniques)"
"Ext._contrl_A12"	"235 (184 uniques)"	"133 (6 uniques)"	"101 (5 uniques)"
"Ext._contrl_A5"	"141 (129 uniques)"	"78 (3 uniques)"	"77 (3 uniques)"
"Ext._contrl_B4"	"151 (131 uniques)"	"53 (5 uniques)"	"40 (4 uniques)"
"Ext._contrl_B7"	"84 (65 uniques)"	"27 (3 uniques)"	"27 (3 uniques)"
"Ext._contrl_C10"	"106 (92 uniques)"	"54 (3 uniques)"	"34 (2 uniques)"
"Ext._contrl_C12"	"60341 (14171 uniques)"	"60021 (47 uniques)"	"59787 (74 uniques)"
"Ext._contrl_C1"	"236 (178 uniques)"	"179 (7 uniques)"	"172 (7 uniques)"
"Ext._contrl_E10"	"37365 (8839 uniques)"	"37173 (36 uniques)"	"36992 (43 uniques)"
"Ext._contrl_E12"	"68110 (15133 uniques)"	"67899 (57 uniques)"	"67620 (92 uniques)"
"Ext._contrl_G10"	"28597 (7062 uniques)"	"28406 (25 uniques)"	"28104 (35 uniques)"
"MGAL_Extraction_neg_control_7_19_22"	"12286 (2970 uniques)"	"12136 (77 uniques)"	"11898 (70 uniques)"
"MGAL_Extraction_neg_control_repeated_plate4_PCR2"	"81 (77 uniques)"	"32 (3 uniques)"	"11 (2 uniques)"
"NTC1_Plate1_PCR1"	"98 (90 uniques)"	"17 (3 uniques)"	"14 (2 uniques)"
"NTC1_Plate2_PCR1"	"155 (128 uniques)"	"79 (5 uniques)"	"50 (4 uniques)"
"NTC1_Plate3_PCR1"	"97 (84 uniques)"	"52 (4 uniques)"	"47 (3 uniques)"
"NTC1_Plate4_PCR1"	"370 (210 uniques)"	"289 (5 uniques)"	"280 (4 uniques)"
"NTC1_Plate4_PCR2"	"293 (170 uniques)"	"219 (6 uniques)"	"219 (6 uniques)"
"NTC2_Plate1_PCR1"	"69 (57 uniques)"	"39 (5 uniques)"	"22 (3 uniques)"
"NTC2_Plate2_PCR1"	"96 (94 uniques)"	"39 (2 uniques)"	"12 (1 uniques)"
"NTC2_Plate3_PCR1"	"756 (323 uniques)"	"696 (3 uniques)"	"677 (2 uniques)"
"NTC2_Plate5_PCR1"	"121 (108 uniques)"	"53 (3 uniques)"	"38 (2 uniques)"
"NTC3_Plate1_PCR1"	"141 (125 uniques)"	"55 (2 uniques)"	"52 (2 uniques)"
"NTC3_Plate2_PCR1"	"670 (304 uniques)"	"616 (3 uniques)"	"610 (2 uniques)"
"NTC3_Plate3_PCR1"	"315 (181 uniques)"	"248 (8 uniques)"	"212 (4 uniques)"
"NTC3_Plate5_PCR1"	"444 (240 uniques)"	"364 (3 uniques)"	"360 (3 uniques)"
"PTC1_Plate1_PCR1"	"15418 (8375 uniques)"	"14557 (377 uniques)"	"12917 (297 uniques)"
"PTC1_Plate2_PCR1"	"13763 (7751 uniques)"	"12926 (330 uniques)"	"11400 (254 uniques)"
"PTC1_Plate3_PCR1"	"55477 (25537 uniques)"	"53902 (793 uniques)"	"49986 (681 uniques)"
"PTC1_Plate4_PCR1"	"22632 (11267 uniques)"	"21621 (471 uniques)"	"19711 (381 uniques)"
"PTC1_Plate4_PCR2"	"134461 (51488 uniques)"	"131912 (1290 uniques)"	"125075 (1184 uniques)"
"PTC1_Plate5_PCR1"	"105762 (42084 uniques)"	"103566 (1030 uniques)"	"98567 (911 uniques)"
