	0-RawData	1-FilterAndTrim	2-ErrorModel	3.1-Dereplication	3.2-Denoising	4-ESV	5-MultipleSequenceAlignment	6-ChimeraRemoval	7-PreClassification	8-Clustering_97	9-TaxaFilter_97	10-MultipletonsFilter_97	11-Subsampling_97	12-Lulu_97
01_T	36018	31630	31630	31630 (12724 uniques)	30680 (247 uniques)	27569 (256 uniques)	27538 (221 uniques)	25358 (181 uniques)	25358 (181 uniques)	25358 (101 uniques)	25324 (99 uniques)	25312 (93 uniques)	4999 (81 uniques)	4999 (81 uniques)
02_T	29215	25059	25059	25059 (10291 uniques)	24456 (185 uniques)	22474 (193 uniques)	22474 (171 uniques)	21302 (146 uniques)	21302 (146 uniques)	21302 (89 uniques)	21302 (89 uniques)	21298 (87 uniques)	4999 (81 uniques)	4999 (81 uniques)
03_T	14188	11797	11797	11797 (4876 uniques)	11346 (159 uniques)	10643 (127 uniques)	10643 (123 uniques)	10643 (123 uniques)	10643 (123 uniques)	10643 (93 uniques)	10624 (91 uniques)	10624 (91 uniques)	4999 (88 uniques)	4999 (88 uniques)
04_T	38732	33415	33415	33415 (15548 uniques)	32152 (291 uniques)	28566 (255 uniques)	28554 (230 uniques)	27560 (206 uniques)	27560 (206 uniques)	27560 (145 uniques)	27527 (142 uniques)	27527 (142 uniques)	4999 (124 uniques)	4999 (124 uniques)
05_T	42454	35805	35805	35805 (15518 uniques)	34836 (265 uniques)	31721 (270 uniques)	31721 (234 uniques)	29972 (193 uniques)	29972 (193 uniques)	29972 (120 uniques)	29951 (119 uniques)	29949 (118 uniques)	4999 (99 uniques)	4999 (99 uniques)
06_T	29059	25979	25979	25979 (8889 uniques)	25494 (174 uniques)	23831 (198 uniques)	23831 (163 uniques)	22524 (122 uniques)	22524 (122 uniques)	22524 (60 uniques)	22524 (60 uniques)	22524 (60 uniques)	4999 (58 uniques)	4999 (58 uniques)
07_T	41863	33906	33906	33906 (12980 uniques)	33176 (215 uniques)	30990 (225 uniques)	30990 (193 uniques)	29556 (159 uniques)	29556 (159 uniques)	29556 (99 uniques)	29546 (98 uniques)	29544 (97 uniques)	4999 (88 uniques)	4999 (88 uniques)
08_T	43104	37263	37263	37263 (14337 uniques)	36435 (222 uniques)	33777 (230 uniques)	33777 (194 uniques)	32542 (173 uniques)	32542 (173 uniques)	32542 (106 uniques)	32536 (105 uniques)	32536 (105 uniques)	4999 (86 uniques)	4999 (86 uniques)
09_T	24152	20683	20683	20683 (8269 uniques)	20071 (155 uniques)	18488 (153 uniques)	18488 (135 uniques)	17290 (114 uniques)	17290 (114 uniques)	17290 (79 uniques)	17290 (79 uniques)	17288 (78 uniques)	4999 (71 uniques)	4999 (71 uniques)
100_AM21	148182	129728	129728	129728 (48520 uniques)	125734 (1417 uniques)	117354 (1210 uniques)	116732 (1162 uniques)	112938 (1057 uniques)	112938 (1057 uniques)	112938 (881 uniques)	108685 (850 uniques)	108664 (839 uniques)	4999 (459 uniques)	4999 (457 uniques)
100c	49494	42475	42475	42475 (15760 uniques)	41717 (253 uniques)	39815 (283 uniques)	39773 (254 uniques)	38798 (222 uniques)	38798 (222 uniques)	38798 (136 uniques)	38790 (134 uniques)	38790 (134 uniques)	4999 (119 uniques)	4999 (119 uniques)
101c	43275	35301	35301	35301 (15959 uniques)	33610 (376 uniques)	31685 (390 uniques)	30903 (308 uniques)	30389 (291 uniques)	30389 (291 uniques)	30389 (213 uniques)	29865 (186 uniques)	29859 (183 uniques)	4999 (160 uniques)	4999 (160 uniques)
102c	34475	30025	30025	30025 (10772 uniques)	29538 (165 uniques)	28241 (209 uniques)	28241 (181 uniques)	27664 (159 uniques)	27664 (159 uniques)	27664 (99 uniques)	27661 (98 uniques)	27661 (98 uniques)	4999 (92 uniques)	4999 (91 uniques)
103c	32651	29545	29545	29545 (10676 uniques)	28917 (242 uniques)	27581 (254 uniques)	27577 (235 uniques)	26940 (209 uniques)	26940 (209 uniques)	26940 (140 uniques)	26881 (134 uniques)	26881 (134 uniques)	4999 (112 uniques)	4999 (111 uniques)
104c	39642	34250	34250	34250 (13147 uniques)	33491 (258 uniques)	31089 (251 uniques)	31089 (230 uniques)	30035 (196 uniques)	30035 (196 uniques)	30035 (143 uniques)	30019 (142 uniques)	30017 (141 uniques)	4999 (121 uniques)	4999 (120 uniques)
105c	22062	19601	19601	19601 (9939 uniques)	18588 (334 uniques)	17434 (292 uniques)	17315 (269 uniques)	17234 (266 uniques)	17234 (266 uniques)	17234 (219 uniques)	17073 (202 uniques)	17059 (195 uniques)	4999 (186 uniques)	4999 (186 uniques)
106c	38758	34423	34423	34423 (15865 uniques)	32610 (405 uniques)	30549 (386 uniques)	30461 (334 uniques)	30137 (327 uniques)	30137 (327 uniques)	30137 (242 uniques)	29306 (203 uniques)	29302 (201 uniques)	4999 (174 uniques)	4999 (174 uniques)
107c	69760	61012	61012	61012 (26647 uniques)	58541 (548 uniques)	54470 (556 uniques)	54371 (472 uniques)	53259 (436 uniques)	53259 (436 uniques)	53259 (310 uniques)	52420 (271 uniques)	52410 (266 uniques)	4999 (203 uniques)	4999 (203 uniques)
108c	60185	52556	52556	52556 (18545 uniques)	51874 (256 uniques)	49386 (274 uniques)	49357 (240 uniques)	48099 (205 uniques)	48099 (205 uniques)	48099 (113 uniques)	48059 (108 uniques)	48059 (108 uniques)	4999 (90 uniques)	4999 (89 uniques)
109c	47280	41878	41878	41878 (15218 uniques)	41031 (276 uniques)	38849 (296 uniques)	38826 (273 uniques)	35713 (209 uniques)	35713 (209 uniques)	35713 (154 uniques)	35707 (153 uniques)	35705 (152 uniques)	4999 (127 uniques)	4999 (127 uniques)
10_AM21	76515	67612	67612	67612 (21855 uniques)	65072 (754 uniques)	61566 (604 uniques)	61352 (588 uniques)	60118 (547 uniques)	60118 (547 uniques)	60118 (479 uniques)	59516 (462 uniques)	59510 (459 uniques)	4999 (321 uniques)	4999 (321 uniques)
10_MSCAII	15358	13812	13812	13812 (6456 uniques)	13415 (174 uniques)	12873 (171 uniques)	12852 (155 uniques)	12783 (153 uniques)	12783 (153 uniques)	12783 (118 uniques)	12735 (114 uniques)	12733 (113 uniques)	4999 (108 uniques)	4999 (108 uniques)
10_T	27439	23403	23403	23403 (8998 uniques)	22778 (157 uniques)	21186 (155 uniques)	21186 (135 uniques)	20480 (122 uniques)	20480 (122 uniques)	20480 (76 uniques)	20480 (76 uniques)	20480 (76 uniques)	4999 (68 uniques)	4999 (68 uniques)
10c	51938	46756	46756	46756 (20088 uniques)	45299 (468 uniques)	42849 (444 uniques)	42829 (412 uniques)	40944 (356 uniques)	40944 (356 uniques)	40944 (255 uniques)	40724 (241 uniques)	40716 (237 uniques)	4999 (194 uniques)	4999 (194 uniques)
10s	22144	19243	19243	19243 (14773 uniques)	16086 (496 uniques)	10440 (325 uniques)	10440 (316 uniques)	10440 (316 uniques)	10440 (316 uniques)	10440 (266 uniques)	10424 (262 uniques)	10410 (255 uniques)	4999 (255 uniques)	4999 (255 uniques)
110c	45326	39569	39569	39569 (17862 uniques)	38132 (364 uniques)	35779 (379 uniques)	35779 (321 uniques)	35465 (309 uniques)	35465 (309 uniques)	35465 (216 uniques)	35234 (200 uniques)	35232 (199 uniques)	4999 (176 uniques)	4999 (176 uniques)
111c	27202	22515	22515	22515 (9639 uniques)	21961 (159 uniques)	20451 (157 uniques)	20451 (146 uniques)	19864 (125 uniques)	19864 (125 uniques)	19864 (87 uniques)	19864 (87 uniques)	19862 (86 uniques)	4999 (82 uniques)	4999 (82 uniques)
112c	35420	29517	29517	29517 (10109 uniques)	28949 (172 uniques)	27659 (180 uniques)	27659 (164 uniques)	26943 (132 uniques)	26943 (132 uniques)	26943 (91 uniques)	26943 (91 uniques)	26943 (91 uniques)	4999 (82 uniques)	4999 (82 uniques)
113c	45694	40712	40712	40712 (16462 uniques)	39261 (319 uniques)	37183 (350 uniques)	37166 (291 uniques)	36619 (279 uniques)	36619 (279 uniques)	36619 (190 uniques)	36231 (168 uniques)	36223 (164 uniques)	4999 (132 uniques)	4999 (132 uniques)
114c	45756	38276	38276	38276 (13982 uniques)	37603 (184 uniques)	35926 (214 uniques)	35913 (181 uniques)	35153 (161 uniques)	35153 (161 uniques)	35153 (96 uniques)	35120 (91 uniques)	35120 (91 uniques)	4999 (76 uniques)	4999 (76 uniques)
115c	53640	46602	46602	46602 (18672 uniques)	45123 (366 uniques)	42754 (401 uniques)	42724 (343 uniques)	41923 (322 uniques)	41923 (322 uniques)	41923 (232 uniques)	41209 (203 uniques)	41207 (202 uniques)	4999 (176 uniques)	4999 (175 uniques)
116c	58271	50785	50785	50785 (18355 uniques)	50052 (258 uniques)	46969 (317 uniques)	46967 (281 uniques)	45317 (232 uniques)	45317 (232 uniques)	45317 (124 uniques)	45309 (122 uniques)	45305 (120 uniques)	4999 (95 uniques)	4999 (95 uniques)
117c	57629	49907	49907	49907 (22260 uniques)	48265 (414 uniques)	45048 (426 uniques)	45035 (360 uniques)	44086 (329 uniques)	44086 (329 uniques)	44086 (226 uniques)	43733 (207 uniques)	43723 (202 uniques)	4999 (170 uniques)	4999 (170 uniques)
118c	40014	35672	35672	35672 (13456 uniques)	35164 (203 uniques)	33468 (232 uniques)	33455 (206 uniques)	32750 (173 uniques)	32750 (173 uniques)	32750 (112 uniques)	32734 (109 uniques)	32732 (108 uniques)	4999 (95 uniques)	4999 (95 uniques)
119c	32411	27874	27874	27874 (9422 uniques)	27343 (150 uniques)	26194 (158 uniques)	26194 (140 uniques)	25532 (120 uniques)	25532 (120 uniques)	25532 (81 uniques)	25532 (81 uniques)	25530 (80 uniques)	4999 (76 uniques)	4999 (76 uniques)
11_AM21	88672	78555	78555	78555 (22883 uniques)	75859 (810 uniques)	72058 (682 uniques)	71942 (655 uniques)	70419 (605 uniques)	70419 (605 uniques)	70419 (527 uniques)	69924 (502 uniques)	69916 (498 uniques)	4999 (294 uniques)	4999 (293 uniques)
11_MSCAII	4382	3784	3784	3784 (1678 uniques)	3684 (69 uniques)	3613 (74 uniques)	3579 (68 uniques)	3579 (68 uniques)	3579 (68 uniques)	3579 (57 uniques)	3371 (50 uniques)	3369 (49 uniques)	/	/
11_MSCAII_repeat	47005	42761	42761	42761 (13755 uniques)	42676 (133 uniques)	42377 (180 uniques)	42377 (133 uniques)	42377 (133 uniques)	42377 (133 uniques)	42377 (75 uniques)	37601 (62 uniques)	37601 (62 uniques)	4999 (58 uniques)	4999 (58 uniques)
11_MSCAII_repeat_1_10_dilution	57	/	/	/	/	/	/	/	/	/	/	/	/	/
11_T	30239	25982	25982	25982 (9306 uniques)	25533 (130 uniques)	23578 (133 uniques)	23578 (108 uniques)	22228 (82 uniques)	22228 (82 uniques)	22228 (50 uniques)	22225 (49 uniques)	22225 (49 uniques)	4999 (47 uniques)	4999 (47 uniques)
11c	69709	60779	60779	60779 (26843 uniques)	58576 (578 uniques)	54951 (582 uniques)	54922 (512 uniques)	53824 (477 uniques)	53824 (477 uniques)	53824 (334 uniques)	53467 (308 uniques)	53457 (303 uniques)	4999 (232 uniques)	4999 (231 uniques)
11s	10269	9137	9137	9137 (6859 uniques)	7716 (248 uniques)	5930 (189 uniques)	5930 (188 uniques)	5913 (187 uniques)	5913 (187 uniques)	5913 (165 uniques)	5908 (164 uniques)	5906 (163 uniques)	4999 (163 uniques)	4999 (162 uniques)
12_AM21	106467	94629	94629	94629 (26900 uniques)	91808 (807 uniques)	87684 (644 uniques)	87529 (634 uniques)	85437 (578 uniques)	85437 (578 uniques)	85437 (515 uniques)	84949 (496 uniques)	84943 (493 uniques)	4999 (284 uniques)	4999 (284 uniques)
12_MSCAII	17334	15107	15107	15107 (6658 uniques)	14860 (176 uniques)	14184 (174 uniques)	14174 (161 uniques)	14174 (161 uniques)	14174 (161 uniques)	14174 (123 uniques)	13973 (112 uniques)	13973 (112 uniques)	4999 (109 uniques)	4999 (109 uniques)
12_MSCAII_repeat	144445	128270	128270	128270 (40830 uniques)	127107 (551 uniques)	124567 (718 uniques)	124397 (580 uniques)	123736 (559 uniques)	123736 (559 uniques)	123736 (310 uniques)	121577 (288 uniques)	121577 (288 uniques)	4999 (205 uniques)	4999 (205 uniques)
12_MSCAII_repeat_1_10_dilution	1187	181	181	181 (172 uniques)	37 (3 uniques)	24 (2 uniques)	24 (2 uniques)	24 (2 uniques)	24 (2 uniques)	24 (2 uniques)	24 (2 uniques)	24 (2 uniques)	/	/
12_T	41073	35050	35050	35050 (13781 uniques)	34191 (252 uniques)	31848 (257 uniques)	31848 (234 uniques)	30223 (202 uniques)	30223 (202 uniques)	30223 (131 uniques)	30204 (130 uniques)	30202 (129 uniques)	4999 (106 uniques)	4999 (106 uniques)
12c	101497	87182	87182	87182 (35136 uniques)	84994 (602 uniques)	80270 (638 uniques)	80262 (554 uniques)	78919 (513 uniques)	78919 (513 uniques)	78919 (317 uniques)	78394 (306 uniques)	78384 (301 uniques)	4999 (220 uniques)	4999 (220 uniques)
12s	11764	10073	10073	10073 (7678 uniques)	8442 (278 uniques)	5548 (178 uniques)	5540 (173 uniques)	5537 (172 uniques)	5537 (172 uniques)	5537 (157 uniques)	5535 (156 uniques)	5535 (156 uniques)	4999 (156 uniques)	4999 (156 uniques)
13_AM21	88912	81077	81077	81077 (24870 uniques)	78369 (812 uniques)	74445 (675 uniques)	74374 (662 uniques)	72398 (595 uniques)	72398 (595 uniques)	72398 (516 uniques)	70561 (491 uniques)	70557 (489 uniques)	4999 (307 uniques)	4999 (306 uniques)
13_MSCAII	9145	8027	8027	8027 (3881 uniques)	7561 (146 uniques)	7141 (131 uniques)	7141 (122 uniques)	7141 (122 uniques)	7141 (122 uniques)	7141 (99 uniques)	7031 (94 uniques)	7027 (92 uniques)	4999 (92 uniques)	4999 (92 uniques)
13_MSCAII_repeat	204585	181284	181284	181284 (66409 uniques)	177853 (1152 uniques)	169575 (1279 uniques)	169367 (1057 uniques)	165272 (935 uniques)	165272 (935 uniques)	165272 (582 uniques)	160831 (510 uniques)	160811 (500 uniques)	4999 (257 uniques)	4999 (257 uniques)
13_MSCAII_repeat_1_10_dilution	461	87	87	87 (81 uniques)	15 (2 uniques)	11 (1 uniques)	11 (1 uniques)	11 (1 uniques)	11 (1 uniques)	11 (1 uniques)	11 (1 uniques)	11 (1 uniques)	/	/
13_T	35855	31743	31743	31743 (12647 uniques)	30734 (262 uniques)	28555 (260 uniques)	28555 (242 uniques)	26984 (208 uniques)	26984 (208 uniques)	26984 (145 uniques)	26961 (142 uniques)	26959 (141 uniques)	4999 (129 uniques)	4999 (129 uniques)
13c	95517	82201	82201	82201 (35031 uniques)	80263 (654 uniques)	75254 (678 uniques)	75254 (603 uniques)	73012 (545 uniques)	73012 (545 uniques)	73012 (374 uniques)	72578 (349 uniques)	72574 (347 uniques)	4999 (262 uniques)	4999 (262 uniques)
13s	18605	14878	14878	14878 (11343 uniques)	12734 (355 uniques)	8794 (257 uniques)	8794 (247 uniques)	8765 (246 uniques)	8765 (246 uniques)	8765 (209 uniques)	8740 (204 uniques)	8734 (201 uniques)	4999 (201 uniques)	4999 (201 uniques)
14_AM21	103282	91551	91551	91551 (28987 uniques)	88521 (1000 uniques)	83962 (807 uniques)	83785 (783 uniques)	81419 (713 uniques)	81419 (713 uniques)	81419 (641 uniques)	79074 (606 uniques)	79072 (605 uniques)	4999 (366 uniques)	4999 (365 uniques)
14_MSCAII	17714	15216	15216	15216 (7149 uniques)	14651 (202 uniques)	13739 (182 uniques)	13723 (166 uniques)	13723 (166 uniques)	13723 (166 uniques)	13723 (134 uniques)	13556 (127 uniques)	13554 (126 uniques)	4999 (122 uniques)	4999 (122 uniques)
14_MSCAII_repeat	179493	154555	154555	154555 (56490 uniques)	151307 (891 uniques)	144171 (1008 uniques)	144070 (824 uniques)	141091 (740 uniques)	141091 (740 uniques)	141091 (451 uniques)	138401 (401 uniques)	138379 (390 uniques)	4999 (208 uniques)	4999 (207 uniques)
14_T	34045	29740	29740	29740 (12447 uniques)	29128 (198 uniques)	26187 (201 uniques)	26187 (179 uniques)	24278 (124 uniques)	24278 (124 uniques)	24278 (64 uniques)	24278 (64 uniques)	24278 (64 uniques)	4999 (61 uniques)	4999 (61 uniques)
14c	92119	80689	80689	80689 (30240 uniques)	78402 (645 uniques)	73928 (660 uniques)	73867 (557 uniques)	73028 (530 uniques)	73028 (530 uniques)	73028 (376 uniques)	71639 (322 uniques)	71625 (315 uniques)	4999 (230 uniques)	4999 (230 uniques)
14s	19776	16851	16851	16851 (12667 uniques)	14586 (418 uniques)	10450 (295 uniques)	10374 (284 uniques)	10335 (282 uniques)	10335 (282 uniques)	10335 (241 uniques)	10315 (238 uniques)	10315 (238 uniques)	4999 (236 uniques)	4999 (236 uniques)
15_AM21	62646	55784	55784	55784 (19227 uniques)	53603 (602 uniques)	50655 (511 uniques)	50560 (496 uniques)	49767 (460 uniques)	49767 (460 uniques)	49767 (397 uniques)	49314 (382 uniques)	49306 (378 uniques)	4999 (263 uniques)	4999 (263 uniques)
15_MSCAII	22300	19564	19564	19564 (7656 uniques)	19174 (155 uniques)	18506 (149 uniques)	18504 (134 uniques)	18494 (133 uniques)	18494 (133 uniques)	18494 (109 uniques)	18457 (104 uniques)	18453 (102 uniques)	4999 (92 uniques)	4999 (92 uniques)
15_MSCAII_repeat	161296	140199	140199	140199 (45768 uniques)	138052 (575 uniques)	131999 (701 uniques)	131977 (586 uniques)	128115 (498 uniques)	128115 (498 uniques)	128115 (281 uniques)	127490 (249 uniques)	127471 (239 uniques)	4999 (142 uniques)	4999 (142 uniques)
15_MSCAII_repeat_1_10_dilution	131	78	78	78 (72 uniques)	33 (4 uniques)	16 (2 uniques)	16 (2 uniques)	16 (2 uniques)	16 (2 uniques)	16 (2 uniques)	16 (2 uniques)	16 (2 uniques)	/	/
15_T	36861	30149	30149	30149 (11936 uniques)	29352 (240 uniques)	27136 (232 uniques)	27136 (209 uniques)	25602 (179 uniques)	25602 (179 uniques)	25602 (112 uniques)	25594 (111 uniques)	25594 (111 uniques)	4999 (95 uniques)	4999 (95 uniques)
15c	73656	63251	63251	63251 (26692 uniques)	60769 (556 uniques)	56742 (591 uniques)	56713 (498 uniques)	55652 (464 uniques)	55652 (464 uniques)	55652 (312 uniques)	54101 (270 uniques)	54087 (263 uniques)	4999 (207 uniques)	4999 (207 uniques)
16_AM21	98799	83310	83310	83310 (34052 uniques)	79525 (1350 uniques)	73577 (1082 uniques)	73068 (1057 uniques)	71638 (1022 uniques)	71638 (1022 uniques)	71638 (923 uniques)	69770 (884 uniques)	69758 (878 uniques)	4999 (559 uniques)	4999 (559 uniques)
16_MSCAII	20475	17334	17334	17334 (6439 uniques)	17032 (86 uniques)	16597 (77 uniques)	16597 (72 uniques)	16579 (71 uniques)	16579 (71 uniques)	16579 (61 uniques)	16570 (59 uniques)	16570 (59 uniques)	4999 (56 uniques)	4999 (56 uniques)
16_MSCAII_repeat	144867	126397	126397	126397 (37129 uniques)	125335 (358 uniques)	121563 (426 uniques)	121563 (386 uniques)	112486 (249 uniques)	112486 (249 uniques)	112486 (131 uniques)	112408 (125 uniques)	112408 (125 uniques)	4999 (87 uniques)	4999 (87 uniques)
16_MSCAII_repeat_1_10_dilution	211	191	191	191 (141 uniques)	147 (10 uniques)	110 (7 uniques)	110 (7 uniques)	110 (7 uniques)	110 (7 uniques)	110 (7 uniques)	110 (7 uniques)	110 (7 uniques)	/	/
16_T	33694	29026	29026	29026 (12712 uniques)	28297 (215 uniques)	25474 (219 uniques)	25468 (185 uniques)	23889 (155 uniques)	23889 (155 uniques)	23889 (91 uniques)	23873 (88 uniques)	23871 (87 uniques)	4999 (79 uniques)	4999 (79 uniques)
16c	79730	70076	70076	70076 (30962 uniques)	67821 (566 uniques)	63859 (613 uniques)	63823 (521 uniques)	62501 (490 uniques)	62501 (490 uniques)	62501 (317 uniques)	62052 (289 uniques)	62050 (288 uniques)	4999 (231 uniques)	4999 (231 uniques)
17_AM21	87420	77643	77643	77643 (26556 uniques)	74785 (891 uniques)	70014 (732 uniques)	69854 (717 uniques)	68107 (656 uniques)	68107 (656 uniques)	68107 (575 uniques)	66935 (550 uniques)	66927 (546 uniques)	4999 (357 uniques)	4999 (357 uniques)
17_MSCAII	48123	41370	41370	41370 (17060 uniques)	40360 (303 uniques)	38344 (316 uniques)	38327 (269 uniques)	37585 (251 uniques)	37585 (251 uniques)	37585 (172 uniques)	37306 (157 uniques)	37302 (155 uniques)	4999 (136 uniques)	4999 (136 uniques)
17_T	31851	26001	26001	26001 (9470 uniques)	25382 (180 uniques)	23737 (190 uniques)	23737 (163 uniques)	22243 (130 uniques)	22243 (130 uniques)	22243 (69 uniques)	22243 (69 uniques)	22243 (69 uniques)	4999 (64 uniques)	4999 (64 uniques)
17c	82270	70824	70824	70824 (27774 uniques)	68451 (546 uniques)	64732 (592 uniques)	64704 (493 uniques)	63961 (470 uniques)	63961 (470 uniques)	63961 (315 uniques)	62520 (274 uniques)	62510 (269 uniques)	4999 (198 uniques)	4999 (198 uniques)
18_AM21	74901	65236	65236	65236 (26510 uniques)	62687 (886 uniques)	58198 (756 uniques)	58124 (735 uniques)	56910 (685 uniques)	56910 (685 uniques)	56910 (585 uniques)	56540 (566 uniques)	56534 (563 uniques)	4999 (400 uniques)	4999 (400 uniques)
18_MSCAII	25822	22502	22502	22502 (10171 uniques)	21841 (215 uniques)	20755 (201 uniques)	20745 (178 uniques)	20304 (166 uniques)	20304 (166 uniques)	20304 (122 uniques)	20190 (117 uniques)	20188 (116 uniques)	4999 (107 uniques)	4999 (107 uniques)
18_T	32829	27910	27910	27910 (11707 uniques)	27450 (181 uniques)	24926 (198 uniques)	24926 (175 uniques)	23144 (128 uniques)	23144 (128 uniques)	23144 (64 uniques)	23140 (63 uniques)	23140 (63 uniques)	4999 (61 uniques)	4999 (61 uniques)
18c	62360	54811	54811	54811 (26098 uniques)	52554 (555 uniques)	49035 (530 uniques)	49023 (466 uniques)	48648 (452 uniques)	48648 (452 uniques)	48648 (322 uniques)	48061 (293 uniques)	48053 (289 uniques)	4999 (245 uniques)	4999 (245 uniques)
19_AM21	93731	83433	83433	83433 (24036 uniques)	80568 (919 uniques)	76525 (708 uniques)	76106 (687 uniques)	74053 (651 uniques)	74053 (651 uniques)	74053 (607 uniques)	71861 (577 uniques)	71847 (570 uniques)	4999 (333 uniques)	4999 (332 uniques)
19_MSCAII	26977	23585	23585	23585 (9800 uniques)	22923 (205 uniques)	21696 (229 uniques)	21696 (187 uniques)	21448 (174 uniques)	21448 (174 uniques)	21448 (121 uniques)	21101 (114 uniques)	21099 (113 uniques)	4999 (102 uniques)	4999 (102 uniques)
19_T	24146	20849	20849	20849 (8700 uniques)	20212 (191 uniques)	18501 (194 uniques)	18499 (183 uniques)	17666 (156 uniques)	17666 (156 uniques)	17666 (108 uniques)	17639 (105 uniques)	17637 (104 uniques)	4999 (99 uniques)	4999 (99 uniques)
19c	77777	49608	49608	49608 (20318 uniques)	49035 (400 uniques)	47525 (408 uniques)	47525 (377 uniques)	47503 (375 uniques)	47503 (375 uniques)	47503 (267 uniques)	47189 (253 uniques)	47189 (253 uniques)	4999 (222 uniques)	4999 (222 uniques)
1_AM21	63203	55624	55624	55624 (24088 uniques)	52914 (780 uniques)	48620 (626 uniques)	48351 (611 uniques)	47053 (571 uniques)	47053 (571 uniques)	47053 (507 uniques)	45025 (489 uniques)	45017 (485 uniques)	4999 (366 uniques)	4999 (365 uniques)
1_MSCAII	50279	44815	44815	44815 (18430 uniques)	43534 (356 uniques)	41499 (402 uniques)	41486 (336 uniques)	40668 (312 uniques)	40668 (312 uniques)	40668 (200 uniques)	39635 (160 uniques)	39633 (159 uniques)	4999 (134 uniques)	4999 (133 uniques)
1c	80527	70566	70566	70566 (31249 uniques)	67469 (676 uniques)	62839 (647 uniques)	62794 (580 uniques)	61439 (541 uniques)	61439 (541 uniques)	61439 (395 uniques)	60496 (362 uniques)	60476 (352 uniques)	4999 (261 uniques)	4999 (261 uniques)
1s	18044	15082	15082	15082 (11664 uniques)	12769 (386 uniques)	8260 (251 uniques)	8260 (243 uniques)	8256 (241 uniques)	8256 (241 uniques)	8256 (206 uniques)	8209 (196 uniques)	8197 (190 uniques)	4999 (189 uniques)	4999 (189 uniques)
20_AM21	61138	54760	54760	54760 (14514 uniques)	54361 (454 uniques)	53641 (433 uniques)	53616 (421 uniques)	53365 (408 uniques)	53365 (408 uniques)	53365 (360 uniques)	51581 (336 uniques)	51577 (334 uniques)	4999 (250 uniques)	4999 (249 uniques)
20_MSCAII	29720	26109	26109	26109 (11060 uniques)	25335 (217 uniques)	24075 (238 uniques)	24075 (202 uniques)	23893 (192 uniques)	23893 (192 uniques)	23893 (133 uniques)	23475 (124 uniques)	23475 (124 uniques)	4999 (111 uniques)	4999 (111 uniques)
20_T	25242	22139	22139	22139 (10376 uniques)	21128 (249 uniques)	18883 (225 uniques)	18862 (208 uniques)	18190 (190 uniques)	18190 (190 uniques)	18190 (140 uniques)	18097 (137 uniques)	18095 (136 uniques)	4999 (131 uniques)	4999 (131 uniques)
20c	58937	50072	50072	50072 (20322 uniques)	49497 (346 uniques)	47434 (332 uniques)	47420 (313 uniques)	46918 (290 uniques)	46918 (290 uniques)	46918 (220 uniques)	46410 (205 uniques)	46410 (205 uniques)	4999 (166 uniques)	4999 (166 uniques)
21_AM21	108655	97410	97410	97410 (26119 uniques)	94596 (918 uniques)	90845 (750 uniques)	90552 (728 uniques)	88109 (671 uniques)	88109 (671 uniques)	88109 (615 uniques)	87037 (592 uniques)	87018 (582 uniques)	4999 (307 uniques)	4999 (307 uniques)
21_MSCAII	37538	32241	32241	32241 (12133 uniques)	31648 (141 uniques)	30330 (148 uniques)	30330 (136 uniques)	29025 (102 uniques)	29025 (102 uniques)	29025 (65 uniques)	29008 (63 uniques)	29008 (63 uniques)	4999 (63 uniques)	4999 (63 uniques)
21_T	24950	21590	21590	21590 (9738 uniques)	20440 (227 uniques)	16993 (195 uniques)	16993 (164 uniques)	16592 (157 uniques)	16592 (157 uniques)	16592 (111 uniques)	16513 (108 uniques)	16513 (108 uniques)	4999 (94 uniques)	4999 (94 uniques)
21c	100612	88213	88213	88213 (36064 uniques)	85666 (695 uniques)	80882 (760 uniques)	80803 (627 uniques)	78556 (576 uniques)	78556 (576 uniques)	78556 (389 uniques)	77483 (349 uniques)	77479 (347 uniques)	4999 (258 uniques)	4999 (258 uniques)
22_AM21	103937	89876	89876	89876 (30934 uniques)	87230 (801 uniques)	82167 (677 uniques)	82112 (652 uniques)	78554 (553 uniques)	78554 (553 uniques)	78554 (483 uniques)	78106 (463 uniques)	78094 (457 uniques)	4999 (277 uniques)	4999 (277 uniques)
22_MSCAII	45519	38781	38781	38781 (13746 uniques)	38122 (157 uniques)	36575 (159 uniques)	36575 (151 uniques)	35229 (113 uniques)	35229 (113 uniques)	35229 (73 uniques)	35209 (70 uniques)	35207 (69 uniques)	4999 (64 uniques)	4999 (64 uniques)
22_T	38840	34293	34293	34293 (14563 uniques)	33269 (299 uniques)	30537 (285 uniques)	30537 (264 uniques)	29588 (233 uniques)	29588 (233 uniques)	29588 (160 uniques)	29543 (158 uniques)	29543 (158 uniques)	4999 (146 uniques)	4999 (144 uniques)
22c	83253	73795	73795	73795 (32570 uniques)	71144 (704 uniques)	66682 (675 uniques)	66663 (597 uniques)	65829 (573 uniques)	65829 (573 uniques)	65829 (410 uniques)	65482 (391 uniques)	65465 (382 uniques)	4999 (289 uniques)	4999 (289 uniques)
23_AM21	94215	82549	82549	82549 (36096 uniques)	79207 (1209 uniques)	73115 (1027 uniques)	72831 (997 uniques)	71557 (954 uniques)	71557 (954 uniques)	71557 (809 uniques)	70687 (773 uniques)	70671 (765 uniques)	4999 (496 uniques)	4999 (495 uniques)
23_MSCAII	53562	47167	47167	47167 (15313 uniques)	46606 (214 uniques)	44583 (221 uniques)	44583 (203 uniques)	41861 (138 uniques)	41861 (138 uniques)	41861 (86 uniques)	41861 (86 uniques)	41861 (86 uniques)	4999 (76 uniques)	4999 (76 uniques)
23_T	43933	37922	37922	37922 (13533 uniques)	36989 (246 uniques)	34661 (246 uniques)	34661 (227 uniques)	33340 (194 uniques)	33340 (194 uniques)	33340 (122 uniques)	33257 (120 uniques)	33257 (120 uniques)	4999 (105 uniques)	4999 (104 uniques)
23c	107219	81091	81091	81091 (33028 uniques)	78921 (680 uniques)	74994 (696 uniques)	74972 (624 uniques)	73551 (585 uniques)	73551 (585 uniques)	73551 (418 uniques)	72926 (384 uniques)	72910 (376 uniques)	4999 (236 uniques)	4999 (236 uniques)
24_AM21	79595	69724	69724	69724 (29616 uniques)	66569 (996 uniques)	60988 (817 uniques)	60827 (795 uniques)	59273 (744 uniques)	59273 (744 uniques)	59273 (646 uniques)	58258 (618 uniques)	58258 (618 uniques)	4999 (422 uniques)	4999 (421 uniques)
24_MSCAII	46499	40445	40445	40445 (16097 uniques)	39761 (208 uniques)	37434 (243 uniques)	37434 (205 uniques)	35433 (155 uniques)	35433 (155 uniques)	35433 (95 uniques)	35420 (92 uniques)	35420 (92 uniques)	4999 (86 uniques)	4999 (86 uniques)
24_T	33654	28442	28442	28442 (12599 uniques)	27294 (296 uniques)	24383 (265 uniques)	24383 (250 uniques)	23172 (223 uniques)	23172 (223 uniques)	23172 (152 uniques)	23047 (146 uniques)	23047 (146 uniques)	4999 (132 uniques)	4999 (132 uniques)
24c	68507	58650	58650	58650 (26056 uniques)	57383 (532 uniques)	54334 (494 uniques)	54301 (459 uniques)	53231 (428 uniques)	53231 (428 uniques)	53231 (336 uniques)	52700 (312 uniques)	52698 (311 uniques)	4999 (247 uniques)	4999 (247 uniques)
25_AM21	84947	74662	74662	74662 (30245 uniques)	71556 (1068 uniques)	66321 (878 uniques)	66118 (854 uniques)	64446 (798 uniques)	64446 (798 uniques)	64446 (708 uniques)	62933 (679 uniques)	62907 (666 uniques)	4999 (450 uniques)	4999 (448 uniques)
25_MSCAII	47186	41375	41375	41375 (17650 uniques)	40437 (309 uniques)	38525 (348 uniques)	38513 (295 uniques)	37963 (277 uniques)	37963 (277 uniques)	37963 (188 uniques)	37710 (175 uniques)	37706 (173 uniques)	4999 (150 uniques)	4999 (150 uniques)
25_T	38843	16979	16979	16979 (7525 uniques)	16229 (177 uniques)	14632 (156 uniques)	14632 (143 uniques)	13831 (125 uniques)	13831 (125 uniques)	13831 (85 uniques)	13594 (79 uniques)	13590 (77 uniques)	4999 (74 uniques)	4999 (74 uniques)
25c	76588	65940	65940	65940 (31432 uniques)	63722 (702 uniques)	59018 (678 uniques)	58995 (605 uniques)	58493 (589 uniques)	58493 (589 uniques)	58493 (420 uniques)	57306 (389 uniques)	57296 (384 uniques)	4999 (288 uniques)	4999 (287 uniques)
26_AM21	83950	74744	74744	74744 (28182 uniques)	72004 (996 uniques)	67461 (861 uniques)	67282 (841 uniques)	65807 (784 uniques)	65807 (784 uniques)	65807 (659 uniques)	64202 (637 uniques)	64188 (630 uniques)	4999 (428 uniques)	4999 (426 uniques)
26_MSCAII	28429	24384	24384	24384 (11602 uniques)	23468 (239 uniques)	21983 (250 uniques)	21967 (214 uniques)	21696 (203 uniques)	21696 (203 uniques)	21696 (142 uniques)	21522 (132 uniques)	21520 (131 uniques)	4999 (124 uniques)	4999 (124 uniques)
26_T	23267	20467	20467	20467 (7822 uniques)	19845 (157 uniques)	18610 (144 uniques)	18610 (137 uniques)	18020 (126 uniques)	18020 (126 uniques)	18020 (89 uniques)	18017 (88 uniques)	18013 (86 uniques)	4999 (80 uniques)	4999 (80 uniques)
26c	91001	59928	59928	59928 (27804 uniques)	57439 (679 uniques)	53683 (619 uniques)	53614 (559 uniques)	53223 (547 uniques)	53223 (547 uniques)	53223 (416 uniques)	51515 (364 uniques)	51505 (359 uniques)	4999 (286 uniques)	4999 (286 uniques)
27_AM21	90472	79946	79946	79946 (29298 uniques)	77051 (1048 uniques)	72289 (857 uniques)	72135 (838 uniques)	71131 (797 uniques)	71131 (797 uniques)	71131 (677 uniques)	70229 (647 uniques)	70217 (641 uniques)	4999 (404 uniques)	4999 (404 uniques)
27_MSCAII	24064	20796	20796	20796 (7760 uniques)	20389 (113 uniques)	19536 (107 uniques)	19536 (99 uniques)	18849 (79 uniques)	18849 (79 uniques)	18849 (57 uniques)	18844 (56 uniques)	18844 (56 uniques)	4999 (53 uniques)	4999 (53 uniques)
27_T	18445	15520	15520	15520 (6883 uniques)	14880 (179 uniques)	13496 (151 uniques)	13496 (139 uniques)	13169 (127 uniques)	13169 (127 uniques)	13169 (96 uniques)	13109 (93 uniques)	13107 (92 uniques)	4999 (88 uniques)	4999 (88 uniques)
27c	66604	57542	57542	57542 (24260 uniques)	55842 (529 uniques)	52969 (527 uniques)	52967 (459 uniques)	52677 (440 uniques)	52677 (440 uniques)	52677 (302 uniques)	52463 (288 uniques)	52449 (281 uniques)	4999 (223 uniques)	4999 (223 uniques)
28_AM21	182247	77280	77280	77280 (28226 uniques)	74315 (1340 uniques)	70036 (1098 uniques)	69874 (1072 uniques)	68963 (1039 uniques)	68963 (1039 uniques)	68963 (925 uniques)	64872 (882 uniques)	64850 (871 uniques)	4999 (547 uniques)	4999 (547 uniques)
28_MSCAII	30470	25638	25638	25638 (9848 uniques)	25144 (120 uniques)	23677 (119 uniques)	23677 (110 uniques)	22898 (90 uniques)	22898 (90 uniques)	22898 (65 uniques)	22887 (63 uniques)	22887 (63 uniques)	4999 (59 uniques)	4999 (58 uniques)
28_T	32849	28277	28277	28277 (10957 uniques)	27399 (256 uniques)	25026 (258 uniques)	25023 (236 uniques)	23398 (195 uniques)	23398 (195 uniques)	23398 (131 uniques)	23315 (125 uniques)	23313 (124 uniques)	4999 (111 uniques)	4999 (111 uniques)
28c	50686	43878	43878	43878 (18708 uniques)	42010 (608 uniques)	39877 (521 uniques)	39837 (484 uniques)	39743 (481 uniques)	39743 (481 uniques)	39743 (389 uniques)	39234 (363 uniques)	39216 (354 uniques)	4999 (278 uniques)	4999 (278 uniques)
29_AM21	124959	110232	110232	110232 (39114 uniques)	107144 (1029 uniques)	100092 (881 uniques)	100028 (854 uniques)	96555 (747 uniques)	96555 (747 uniques)	96555 (624 uniques)	96132 (604 uniques)	96118 (597 uniques)	4999 (319 uniques)	4999 (318 uniques)
29_MSCAII	33599	28306	28306	28306 (10584 uniques)	27872 (130 uniques)	26539 (127 uniques)	26539 (118 uniques)	24834 (88 uniques)	24834 (88 uniques)	24834 (60 uniques)	24831 (59 uniques)	24831 (59 uniques)	4999 (55 uniques)	4999 (55 uniques)
29_T	26353	22371	22371	22371 (9685 uniques)	21374 (228 uniques)	19208 (213 uniques)	19176 (193 uniques)	18455 (171 uniques)	18455 (171 uniques)	18455 (131 uniques)	18352 (126 uniques)	18350 (125 uniques)	4999 (114 uniques)	4999 (114 uniques)
29c	31303	27281	27281	27281 (12716 uniques)	26093 (342 uniques)	24745 (335 uniques)	24738 (307 uniques)	24738 (307 uniques)	24738 (307 uniques)	24738 (222 uniques)	24577 (212 uniques)	24577 (212 uniques)	4999 (200 uniques)	4999 (200 uniques)
2_AM21	58012	51517	51517	51517 (22433 uniques)	48578 (852 uniques)	44879 (685 uniques)	44565 (669 uniques)	43776 (643 uniques)	43776 (643 uniques)	43776 (586 uniques)	42846 (567 uniques)	42840 (564 uniques)	4999 (430 uniques)	4999 (430 uniques)
2_MSCAII	29182	24585	24585	24585 (10957 uniques)	23671 (250 uniques)	22292 (274 uniques)	22292 (234 uniques)	21941 (225 uniques)	21941 (225 uniques)	21941 (156 uniques)	21397 (132 uniques)	21387 (127 uniques)	4999 (117 uniques)	4999 (117 uniques)
2c	75233	65791	65791	65791 (26478 uniques)	63719 (566 uniques)	60342 (593 uniques)	60272 (506 uniques)	59730 (484 uniques)	59730 (484 uniques)	59730 (341 uniques)	59082 (306 uniques)	59078 (304 uniques)	4999 (241 uniques)	4999 (241 uniques)
2s	15848	13449	13449	13449 (10071 uniques)	11527 (368 uniques)	7527 (237 uniques)	7527 (230 uniques)	7527 (230 uniques)	7527 (230 uniques)	7527 (196 uniques)	7412 (188 uniques)	7410 (187 uniques)	4999 (187 uniques)	4999 (187 uniques)
30_AM21	117946	103473	103473	103473 (29166 uniques)	100301 (1041 uniques)	95735 (848 uniques)	95416 (816 uniques)	92650 (758 uniques)	92650 (758 uniques)	92650 (670 uniques)	89653 (643 uniques)	89641 (637 uniques)	4999 (352 uniques)	4999 (351 uniques)
30_MSCAII	20558	17392	17392	17392 (6869 uniques)	16994 (91 uniques)	16375 (92 uniques)	16375 (85 uniques)	16012 (78 uniques)	16012 (78 uniques)	16012 (56 uniques)	16012 (56 uniques)	16012 (56 uniques)	4999 (55 uniques)	4999 (55 uniques)
30_T	19161	15270	15270	15270 (5582 uniques)	14671 (140 uniques)	13524 (122 uniques)	13524 (120 uniques)	12886 (106 uniques)	12886 (106 uniques)	12886 (81 uniques)	12785 (74 uniques)	12783 (73 uniques)	4999 (72 uniques)	4999 (71 uniques)
30c	83367	72516	72516	72516 (23227 uniques)	70859 (486 uniques)	68780 (484 uniques)	68759 (431 uniques)	68440 (419 uniques)	68440 (419 uniques)	68440 (297 uniques)	68011 (280 uniques)	68007 (278 uniques)	4999 (194 uniques)	4999 (194 uniques)
31_AM21	112724	98082	98082	98082 (34743 uniques)	94668 (1138 uniques)	88671 (981 uniques)	88497 (949 uniques)	85668 (854 uniques)	85668 (854 uniques)	85668 (753 uniques)	84345 (720 uniques)	84333 (714 uniques)	4999 (403 uniques)	4999 (402 uniques)
31_MSCAII	33957	29120	29120	29120 (11572 uniques)	28360 (258 uniques)	27286 (261 uniques)	27281 (229 uniques)	26957 (216 uniques)	26957 (216 uniques)	26957 (159 uniques)	26843 (150 uniques)	26837 (147 uniques)	4999 (131 uniques)	4999 (131 uniques)
31_T	26422	22888	22888	22888 (9228 uniques)	22239 (184 uniques)	20445 (190 uniques)	20445 (167 uniques)	19297 (139 uniques)	19297 (139 uniques)	19297 (85 uniques)	19297 (85 uniques)	19297 (85 uniques)	4999 (80 uniques)	4999 (80 uniques)
31c	86562	75534	75534	75534 (29110 uniques)	73196 (624 uniques)	68993 (598 uniques)	68965 (539 uniques)	68070 (513 uniques)	68070 (513 uniques)	68070 (357 uniques)	67418 (332 uniques)	67414 (330 uniques)	4999 (257 uniques)	4999 (257 uniques)
32_AM21	90982	80388	80388	80388 (33353 uniques)	77237 (1048 uniques)	70561 (896 uniques)	70463 (859 uniques)	68094 (777 uniques)	68094 (777 uniques)	68094 (651 uniques)	67076 (628 uniques)	67070 (625 uniques)	4999 (419 uniques)	4999 (417 uniques)
32_MSCAII	32668	27872	27872	27872 (12016 uniques)	26838 (253 uniques)	25473 (262 uniques)	25457 (229 uniques)	25204 (218 uniques)	25204 (218 uniques)	25204 (155 uniques)	25086 (144 uniques)	25084 (143 uniques)	4999 (133 uniques)	4999 (133 uniques)
32_T	37614	32977	32977	32977 (13137 uniques)	31871 (320 uniques)	28942 (301 uniques)	28930 (281 uniques)	26995 (232 uniques)	26995 (232 uniques)	26995 (160 uniques)	26884 (154 uniques)	26880 (152 uniques)	4999 (125 uniques)	4999 (125 uniques)
32c	66903	57555	57555	57555 (25708 uniques)	56402 (555 uniques)	53398 (540 uniques)	53357 (501 uniques)	52806 (482 uniques)	52806 (482 uniques)	52806 (365 uniques)	52459 (341 uniques)	52457 (340 uniques)	4999 (270 uniques)	4999 (270 uniques)
33_AM21	70781	61714	61714	61714 (21576 uniques)	58929 (841 uniques)	55167 (672 uniques)	55043 (649 uniques)	53724 (614 uniques)	53724 (614 uniques)	53724 (545 uniques)	50468 (520 uniques)	50460 (516 uniques)	4999 (351 uniques)	4999 (349 uniques)
33_MSCAII	26256	24010	24010	24010 (7399 uniques)	23727 (124 uniques)	23117 (127 uniques)	23117 (111 uniques)	22249 (85 uniques)	22249 (85 uniques)	22249 (59 uniques)	22244 (57 uniques)	22244 (57 uniques)	4999 (56 uniques)	4999 (56 uniques)
33_T	17604	15350	15350	15350 (7292 uniques)	14861 (186 uniques)	13577 (152 uniques)	13577 (143 uniques)	13409 (137 uniques)	13409 (137 uniques)	13409 (102 uniques)	13390 (101 uniques)	13390 (101 uniques)	4999 (98 uniques)	4999 (98 uniques)
33c	72710	63949	63949	63949 (24916 uniques)	61984 (508 uniques)	58614 (551 uniques)	58582 (463 uniques)	57637 (434 uniques)	57637 (434 uniques)	57637 (303 uniques)	56719 (265 uniques)	56717 (264 uniques)	4999 (196 uniques)	4999 (196 uniques)
34_AM21	75871	58829	58829	58829 (24870 uniques)	56128 (935 uniques)	51963 (813 uniques)	51763 (790 uniques)	50764 (745 uniques)	50764 (745 uniques)	50764 (629 uniques)	49256 (608 uniques)	49254 (607 uniques)	4999 (427 uniques)	4999 (426 uniques)
34_MSCAII	31378	26284	26284	26284 (9406 uniques)	25884 (117 uniques)	24801 (113 uniques)	24801 (105 uniques)	23457 (71 uniques)	23457 (71 uniques)	23457 (47 uniques)	23455 (46 uniques)	23455 (46 uniques)	4999 (43 uniques)	4999 (43 uniques)
34_T	35363	31072	31072	31072 (9514 uniques)	30597 (184 uniques)	29279 (173 uniques)	29279 (164 uniques)	28745 (150 uniques)	28745 (150 uniques)	28745 (100 uniques)	28741 (99 uniques)	28741 (99 uniques)	4999 (86 uniques)	4999 (85 uniques)
34c	65408	56851	56851	56851 (25259 uniques)	54419 (601 uniques)	51217 (573 uniques)	51195 (483 uniques)	50922 (469 uniques)	50922 (469 uniques)	50922 (345 uniques)	49711 (303 uniques)	49699 (297 uniques)	4999 (231 uniques)	4999 (231 uniques)
35_AM21	88889	76539	76539	76539 (32332 uniques)	73921 (853 uniques)	67236 (760 uniques)	67185 (727 uniques)	64592 (660 uniques)	64592 (660 uniques)	64592 (531 uniques)	64252 (515 uniques)	64246 (512 uniques)	4999 (337 uniques)	4999 (336 uniques)
35_MSCAII	20767	17622	17622	17622 (8469 uniques)	17254 (127 uniques)	16010 (118 uniques)	16010 (113 uniques)	15021 (88 uniques)	15021 (88 uniques)	15021 (63 uniques)	15016 (62 uniques)	15016 (62 uniques)	4999 (61 uniques)	4999 (61 uniques)
35_T	21028	18395	18395	18395 (6380 uniques)	17843 (152 uniques)	16918 (130 uniques)	16918 (127 uniques)	16659 (120 uniques)	16659 (120 uniques)	16659 (89 uniques)	16638 (87 uniques)	16630 (83 uniques)	4999 (80 uniques)	4999 (80 uniques)
35c	77654	67588	67588	67588 (25423 uniques)	65529 (523 uniques)	62469 (533 uniques)	62414 (451 uniques)	61515 (422 uniques)	61515 (422 uniques)	61515 (294 uniques)	60346 (251 uniques)	60338 (247 uniques)	4999 (196 uniques)	4999 (196 uniques)
36_AM21	98695	86755	86755	86755 (36878 uniques)	83511 (1202 uniques)	76943 (1045 uniques)	76709 (1004 uniques)	73355 (913 uniques)	73355 (913 uniques)	73355 (787 uniques)	71800 (761 uniques)	71786 (754 uniques)	4999 (468 uniques)	4999 (466 uniques)
36_MSCAII	38067	33480	33480	33480 (13208 uniques)	32873 (188 uniques)	31256 (208 uniques)	31256 (185 uniques)	29250 (137 uniques)	29250 (137 uniques)	29250 (81 uniques)	29250 (81 uniques)	29250 (81 uniques)	4999 (71 uniques)	4999 (69 uniques)
36_T	29829	24534	24534	24534 (8671 uniques)	23901 (192 uniques)	22749 (161 uniques)	22749 (158 uniques)	22254 (144 uniques)	22254 (144 uniques)	22254 (109 uniques)	22220 (108 uniques)	22218 (107 uniques)	4999 (95 uniques)	4999 (95 uniques)
36c	48203	42750	42750	42750 (19522 uniques)	41214 (458 uniques)	38822 (412 uniques)	38822 (382 uniques)	38676 (376 uniques)	38676 (376 uniques)	38676 (273 uniques)	38498 (262 uniques)	38488 (257 uniques)	4999 (222 uniques)	4999 (222 uniques)
37_AM21	110445	98664	98664	98664 (35471 uniques)	95270 (1186 uniques)	89232 (988 uniques)	89018 (958 uniques)	86610 (884 uniques)	86610 (884 uniques)	86610 (759 uniques)	84820 (731 uniques)	84810 (726 uniques)	4999 (423 uniques)	4999 (422 uniques)
37_MSCAII	31609	27458	27458	27458 (10888 uniques)	26827 (213 uniques)	25497 (236 uniques)	25497 (208 uniques)	24808 (180 uniques)	24808 (180 uniques)	24808 (118 uniques)	24711 (112 uniques)	24711 (112 uniques)	4999 (102 uniques)	4999 (102 uniques)
37_T	50129	40094	40094	40094 (9884 uniques)	39666 (117 uniques)	38642 (128 uniques)	38642 (119 uniques)	38391 (110 uniques)	38391 (110 uniques)	38391 (66 uniques)	38373 (65 uniques)	38373 (65 uniques)	4999 (51 uniques)	4999 (51 uniques)
37c	67099	54920	54920	54920 (20245 uniques)	54403 (359 uniques)	52970 (348 uniques)	52957 (324 uniques)	52905 (321 uniques)	52905 (321 uniques)	52905 (245 uniques)	52717 (232 uniques)	52713 (230 uniques)	4999 (185 uniques)	4999 (185 uniques)
38_AM21	86949	74379	74379	74379 (36391 uniques)	71249 (1340 uniques)	64925 (1136 uniques)	64812 (1115 uniques)	64019 (1080 uniques)	64019 (1080 uniques)	64019 (907 uniques)	62009 (873 uniques)	61999 (868 uniques)	4999 (576 uniques)	4999 (573 uniques)
38_MSCAII	26465	23095	23095	23095 (9012 uniques)	22499 (181 uniques)	21470 (191 uniques)	21467 (169 uniques)	20943 (149 uniques)	20943 (149 uniques)	20943 (105 uniques)	20825 (96 uniques)	20821 (94 uniques)	4999 (89 uniques)	4999 (89 uniques)
38_T	28815	24931	24931	24931 (9093 uniques)	24199 (191 uniques)	22874 (170 uniques)	22874 (162 uniques)	22503 (153 uniques)	22503 (153 uniques)	22503 (120 uniques)	22400 (113 uniques)	22392 (109 uniques)	4999 (101 uniques)	4999 (101 uniques)
38c	50643	45076	45076	45076 (18246 uniques)	44195 (445 uniques)	42656 (418 uniques)	42656 (389 uniques)	42550 (384 uniques)	42550 (384 uniques)	42550 (302 uniques)	42403 (292 uniques)	42395 (288 uniques)	4999 (240 uniques)	4999 (240 uniques)
39_AM21	70729	63414	63414	63414 (22266 uniques)	61194 (654 uniques)	58146 (571 uniques)	58063 (556 uniques)	56788 (511 uniques)	56788 (511 uniques)	56788 (438 uniques)	56019 (416 uniques)	56015 (414 uniques)	4999 (263 uniques)	4999 (263 uniques)
39_MSCAII	35111	28996	28996	28996 (11044 uniques)	28471 (142 uniques)	27145 (160 uniques)	27145 (142 uniques)	26295 (119 uniques)	26295 (119 uniques)	26295 (81 uniques)	26293 (80 uniques)	26293 (80 uniques)	4999 (75 uniques)	4999 (74 uniques)
39_T	11047	9437	9437	9437 (4099 uniques)	9274 (128 uniques)	8927 (126 uniques)	8927 (122 uniques)	8927 (122 uniques)	8927 (122 uniques)	8927 (94 uniques)	8833 (90 uniques)	8833 (90 uniques)	4999 (89 uniques)	4999 (89 uniques)
39c	70626	62668	62668	62668 (21560 uniques)	62005 (361 uniques)	60484 (382 uniques)	60484 (342 uniques)	59876 (319 uniques)	59876 (319 uniques)	59876 (231 uniques)	59619 (216 uniques)	59619 (216 uniques)	4999 (169 uniques)	4999 (169 uniques)
3_AM21	73783	66164	66164	66164 (23097 uniques)	63775 (591 uniques)	60258 (498 uniques)	60180 (482 uniques)	58285 (419 uniques)	58285 (419 uniques)	58285 (353 uniques)	57855 (338 uniques)	57851 (336 uniques)	4999 (226 uniques)	4999 (226 uniques)
3_MSCAII	30577	26394	26394	26394 (9909 uniques)	25842 (130 uniques)	24727 (116 uniques)	24727 (104 uniques)	23856 (89 uniques)	23856 (89 uniques)	23856 (59 uniques)	23802 (57 uniques)	23802 (57 uniques)	4999 (51 uniques)	4999 (51 uniques)
3c	51005	44135	44135	44135 (21343 uniques)	42353 (536 uniques)	39119 (482 uniques)	39113 (443 uniques)	38647 (429 uniques)	38647 (429 uniques)	38647 (329 uniques)	38140 (302 uniques)	38126 (295 uniques)	4999 (260 uniques)	4999 (260 uniques)
3s	11111	9102	9102	9102 (7431 uniques)	7344 (237 uniques)	4475 (147 uniques)	4475 (146 uniques)	4475 (146 uniques)	4475 (146 uniques)	4475 (128 uniques)	4453 (124 uniques)	4453 (124 uniques)	/	/
40_AM21	47984	43014	43014	43014 (20008 uniques)	40729 (775 uniques)	37238 (617 uniques)	37092 (598 uniques)	36654 (580 uniques)	36654 (580 uniques)	36654 (504 uniques)	35880 (479 uniques)	35872 (475 uniques)	4999 (381 uniques)	4999 (380 uniques)
40_MSCAII	29655	25977	25977	25977 (9584 uniques)	25634 (140 uniques)	24477 (152 uniques)	24477 (130 uniques)	23722 (107 uniques)	23722 (107 uniques)	23722 (73 uniques)	23722 (73 uniques)	23722 (73 uniques)	4999 (65 uniques)	4999 (65 uniques)
40_T	29767	15477	15477	15477 (5830 uniques)	15260 (182 uniques)	14938 (184 uniques)	14938 (176 uniques)	14938 (176 uniques)	14938 (176 uniques)	14938 (131 uniques)	14786 (123 uniques)	14786 (123 uniques)	4999 (119 uniques)	4999 (118 uniques)
40c	62790	54009	54009	54009 (26804 uniques)	51364 (630 uniques)	47061 (554 uniques)	47051 (514 uniques)	45970 (486 uniques)	45970 (486 uniques)	45970 (379 uniques)	45605 (359 uniques)	45583 (348 uniques)	4999 (285 uniques)	4999 (285 uniques)
41_MSCAII	29306	24606	24606	24606 (9605 uniques)	24193 (147 uniques)	23092 (165 uniques)	23092 (147 uniques)	21786 (116 uniques)	21786 (116 uniques)	21786 (74 uniques)	21786 (74 uniques)	21786 (74 uniques)	4999 (69 uniques)	4999 (68 uniques)
41_T	39054	33972	33972	33972 (15979 uniques)	32793 (297 uniques)	30381 (294 uniques)	30381 (270 uniques)	29703 (246 uniques)	29703 (246 uniques)	29703 (175 uniques)	29547 (162 uniques)	29545 (161 uniques)	4999 (146 uniques)	4999 (146 uniques)
41c	70186	59966	59966	59966 (28938 uniques)	57674 (631 uniques)	53367 (640 uniques)	53354 (575 uniques)	52529 (548 uniques)	52529 (548 uniques)	52529 (382 uniques)	52133 (362 uniques)	52126 (358 uniques)	4999 (297 uniques)	4999 (297 uniques)
42_MSCAII	29707	25229	25229	25229 (10562 uniques)	24677 (142 uniques)	23330 (156 uniques)	23330 (141 uniques)	22222 (119 uniques)	22222 (119 uniques)	22222 (77 uniques)	22222 (77 uniques)	22222 (77 uniques)	4999 (72 uniques)	4999 (71 uniques)
42_T	23093	19780	19780	19780 (9134 uniques)	19217 (210 uniques)	18298 (191 uniques)	18298 (179 uniques)	18278 (178 uniques)	18278 (178 uniques)	18278 (139 uniques)	18183 (132 uniques)	18181 (131 uniques)	4999 (123 uniques)	4999 (123 uniques)
42c	58515	51234	51234	51234 (20759 uniques)	50535 (405 uniques)	48815 (387 uniques)	48787 (353 uniques)	48618 (344 uniques)	48618 (344 uniques)	48618 (265 uniques)	48453 (253 uniques)	48453 (253 uniques)	4999 (199 uniques)	4999 (199 uniques)
43_MSCAII	35236	30180	30180	30180 (11855 uniques)	29452 (226 uniques)	28113 (249 uniques)	28113 (223 uniques)	26931 (193 uniques)	26931 (193 uniques)	26931 (133 uniques)	26842 (127 uniques)	26840 (126 uniques)	4999 (116 uniques)	4999 (115 uniques)
43_T	30030	26406	26406	26406 (11822 uniques)	25270 (239 uniques)	23828 (224 uniques)	23828 (206 uniques)	23683 (200 uniques)	23683 (200 uniques)	23683 (146 uniques)	23458 (132 uniques)	23454 (130 uniques)	4999 (117 uniques)	4999 (117 uniques)
43c	70319	60494	60494	60494 (22999 uniques)	59035 (425 uniques)	56623 (454 uniques)	56611 (385 uniques)	55966 (366 uniques)	55966 (366 uniques)	55966 (250 uniques)	55421 (224 uniques)	55411 (219 uniques)	4999 (160 uniques)	4999 (160 uniques)
44_MSCAII	25396	20467	20467	20467 (9018 uniques)	19857 (190 uniques)	18740 (199 uniques)	18740 (177 uniques)	18544 (167 uniques)	18544 (167 uniques)	18544 (118 uniques)	18423 (110 uniques)	18423 (110 uniques)	4999 (104 uniques)	4999 (104 uniques)
44_T	44303	38497	38497	38497 (15681 uniques)	37444 (322 uniques)	35489 (309 uniques)	35489 (285 uniques)	34816 (258 uniques)	34816 (258 uniques)	34816 (185 uniques)	34592 (163 uniques)	34590 (162 uniques)	4999 (134 uniques)	4999 (134 uniques)
44c	84257	73979	73979	73979 (25747 uniques)	73024 (398 uniques)	70096 (437 uniques)	70028 (392 uniques)	67558 (319 uniques)	67558 (319 uniques)	67558 (207 uniques)	67538 (202 uniques)	67538 (202 uniques)	4999 (150 uniques)	4999 (148 uniques)
45_MSCAII	32504	27870	27870	27870 (10706 uniques)	27423 (152 uniques)	26331 (151 uniques)	26331 (137 uniques)	25285 (105 uniques)	25285 (105 uniques)	25285 (78 uniques)	25279 (76 uniques)	25279 (76 uniques)	4999 (66 uniques)	4999 (66 uniques)
45_T	42794	36951	36951	36951 (15120 uniques)	35929 (280 uniques)	34155 (269 uniques)	34155 (244 uniques)	33507 (220 uniques)	33507 (220 uniques)	33507 (155 uniques)	33372 (143 uniques)	33366 (140 uniques)	4999 (123 uniques)	4999 (123 uniques)
45c	57445	49730	49730	49730 (19082 uniques)	48949 (326 uniques)	46660 (354 uniques)	46503 (313 uniques)	45954 (289 uniques)	45954 (289 uniques)	45954 (187 uniques)	45857 (180 uniques)	45851 (177 uniques)	4999 (142 uniques)	4999 (142 uniques)
46_MSCAII	31340	27549	27549	27549 (10104 uniques)	27006 (138 uniques)	26047 (153 uniques)	26047 (138 uniques)	25279 (115 uniques)	25279 (115 uniques)	25279 (77 uniques)	25279 (77 uniques)	25279 (77 uniques)	4999 (66 uniques)	4999 (66 uniques)
46_T	53510	45837	45837	45837 (19171 uniques)	44400 (341 uniques)	41562 (325 uniques)	41562 (298 uniques)	40747 (266 uniques)	40747 (266 uniques)	40747 (183 uniques)	40536 (172 uniques)	40532 (170 uniques)	4999 (143 uniques)	4999 (143 uniques)
46c	82019	70212	70212	70212 (18949 uniques)	69496 (286 uniques)	67189 (265 uniques)	67103 (246 uniques)	66298 (226 uniques)	66298 (226 uniques)	66298 (161 uniques)	66223 (154 uniques)	66221 (153 uniques)	4999 (111 uniques)	4999 (111 uniques)
47_AM21	73910	63211	63211	63211 (29829 uniques)	60270 (1057 uniques)	54663 (882 uniques)	54508 (857 uniques)	53660 (825 uniques)	53660 (825 uniques)	53660 (700 uniques)	53008 (673 uniques)	52994 (666 uniques)	4999 (483 uniques)	4999 (481 uniques)
47_MSCAII	38977	33601	33601	33601 (13761 uniques)	33092 (158 uniques)	31390 (173 uniques)	31390 (154 uniques)	30369 (129 uniques)	30369 (129 uniques)	30369 (78 uniques)	30363 (77 uniques)	30363 (77 uniques)	4999 (70 uniques)	4999 (70 uniques)
47_T	39998	35300	35300	35300 (15249 uniques)	34279 (254 uniques)	32324 (249 uniques)	32324 (224 uniques)	31460 (195 uniques)	31460 (195 uniques)	31460 (134 uniques)	31263 (124 uniques)	31257 (121 uniques)	4999 (106 uniques)	4999 (106 uniques)
47c	45353	40184	40184	40184 (14348 uniques)	38899 (410 uniques)	37321 (410 uniques)	37272 (354 uniques)	37109 (348 uniques)	37109 (348 uniques)	37109 (255 uniques)	35999 (224 uniques)	35983 (216 uniques)	4999 (175 uniques)	4999 (175 uniques)
48_AM21	71981	62696	62696	62696 (26241 uniques)	60423 (751 uniques)	56005 (651 uniques)	55975 (630 uniques)	54646 (594 uniques)	54646 (594 uniques)	54646 (485 uniques)	54352 (467 uniques)	54350 (466 uniques)	4999 (333 uniques)	4999 (330 uniques)
48_MSCAII	39727	28975	28975	28975 (11340 uniques)	28481 (154 uniques)	27328 (161 uniques)	27328 (144 uniques)	26210 (116 uniques)	26210 (116 uniques)	26210 (78 uniques)	26210 (78 uniques)	26210 (78 uniques)	4999 (73 uniques)	4999 (73 uniques)
48_T	26780	23636	23636	23636 (9986 uniques)	22899 (196 uniques)	21871 (188 uniques)	21869 (171 uniques)	21580 (160 uniques)	21580 (160 uniques)	21580 (117 uniques)	21521 (113 uniques)	21519 (112 uniques)	4999 (101 uniques)	4999 (101 uniques)
48c	87308	76046	76046	76046 (29546 uniques)	73638 (554 uniques)	69735 (586 uniques)	69676 (491 uniques)	67971 (455 uniques)	67971 (455 uniques)	67971 (306 uniques)	67052 (273 uniques)	67040 (267 uniques)	4999 (196 uniques)	4999 (196 uniques)
49_AM21	96840	86734	86734	86734 (23182 uniques)	83970 (920 uniques)	80683 (689 uniques)	80398 (671 uniques)	78524 (643 uniques)	78524 (643 uniques)	78524 (602 uniques)	76464 (573 uniques)	76454 (568 uniques)	4999 (330 uniques)	4999 (330 uniques)
49_MSCAII	30682	26952	26952	26952 (9026 uniques)	25886 (201 uniques)	24779 (182 uniques)	24779 (161 uniques)	24449 (148 uniques)	24449 (148 uniques)	24449 (107 uniques)	24411 (103 uniques)	24409 (102 uniques)	4999 (92 uniques)	4999 (92 uniques)
49_T	21925	18966	18966	18966 (8966 uniques)	18140 (169 uniques)	16782 (161 uniques)	16782 (143 uniques)	16494 (130 uniques)	16494 (130 uniques)	16494 (92 uniques)	16405 (88 uniques)	16403 (87 uniques)	4999 (84 uniques)	4999 (84 uniques)
49c	36655	29820	29820	29820 (12577 uniques)	28732 (281 uniques)	26892 (299 uniques)	26879 (248 uniques)	26409 (238 uniques)	26409 (238 uniques)	26409 (174 uniques)	25938 (153 uniques)	25932 (150 uniques)	4999 (139 uniques)	4999 (139 uniques)
4_AM21	87634	77540	77540	77540 (26154 uniques)	74307 (987 uniques)	70301 (798 uniques)	70094 (779 uniques)	68421 (733 uniques)	68421 (733 uniques)	68421 (664 uniques)	66223 (639 uniques)	66211 (633 uniques)	4999 (413 uniques)	4999 (412 uniques)
4_MSCAII	36222	31384	31384	31384 (11559 uniques)	30881 (145 uniques)	29800 (137 uniques)	29800 (125 uniques)	28964 (103 uniques)	28964 (103 uniques)	28964 (70 uniques)	28887 (65 uniques)	28887 (65 uniques)	4999 (62 uniques)	4999 (62 uniques)
4c	63053	54953	54953	54953 (24022 uniques)	52808 (618 uniques)	49745 (595 uniques)	49699 (524 uniques)	49160 (504 uniques)	49160 (504 uniques)	49160 (387 uniques)	47990 (343 uniques)	47976 (336 uniques)	4999 (241 uniques)	4999 (241 uniques)
4s	14171	12391	12391	12391 (9663 uniques)	10167 (324 uniques)	6118 (200 uniques)	6116 (193 uniques)	6116 (193 uniques)	6116 (193 uniques)	6116 (168 uniques)	6088 (165 uniques)	6086 (164 uniques)	4999 (164 uniques)	4999 (164 uniques)
50_AM21	103950	88305	88305	88305 (27273 uniques)	85627 (852 uniques)	81781 (692 uniques)	81702 (679 uniques)	79550 (607 uniques)	79550 (607 uniques)	79550 (540 uniques)	79036 (519 uniques)	79026 (514 uniques)	4999 (282 uniques)	4999 (281 uniques)
50_MSCAII	23816	20723	20723	20723 (7200 uniques)	19727 (167 uniques)	18977 (146 uniques)	18977 (134 uniques)	18733 (126 uniques)	18733 (126 uniques)	18733 (101 uniques)	18682 (96 uniques)	18678 (94 uniques)	4999 (90 uniques)	4999 (90 uniques)
50_T	33365	29555	29555	29555 (12785 uniques)	28666 (227 uniques)	26821 (215 uniques)	26821 (196 uniques)	26153 (174 uniques)	26153 (174 uniques)	26153 (122 uniques)	26074 (117 uniques)	26074 (117 uniques)	4999 (105 uniques)	4999 (105 uniques)
50c	20223	17645	17645	17645 (6124 uniques)	17227 (121 uniques)	16529 (120 uniques)	16529 (108 uniques)	16346 (101 uniques)	16346 (101 uniques)	16346 (65 uniques)	16341 (64 uniques)	16341 (64 uniques)	4999 (60 uniques)	4999 (60 uniques)
51_AM21	78019	68528	68528	68528 (24041 uniques)	65738 (831 uniques)	61712 (659 uniques)	61562 (643 uniques)	59971 (595 uniques)	59971 (595 uniques)	59971 (541 uniques)	58582 (511 uniques)	58578 (509 uniques)	4999 (339 uniques)	4999 (339 uniques)
51_MSCAII	40406	30161	30161	30161 (13752 uniques)	28784 (288 uniques)	26713 (285 uniques)	26713 (250 uniques)	25715 (226 uniques)	25715 (226 uniques)	25715 (156 uniques)	25591 (147 uniques)	25583 (143 uniques)	4999 (134 uniques)	4999 (134 uniques)
51_T	38845	33473	33473	33473 (13075 uniques)	32754 (218 uniques)	30767 (266 uniques)	30763 (231 uniques)	29837 (188 uniques)	29837 (188 uniques)	29837 (108 uniques)	29639 (92 uniques)	29639 (92 uniques)	4999 (81 uniques)	4999 (80 uniques)
51c	17850	15193	15193	15193 (4789 uniques)	14858 (111 uniques)	14408 (105 uniques)	14408 (98 uniques)	14318 (91 uniques)	14318 (91 uniques)	14318 (70 uniques)	14318 (70 uniques)	14318 (70 uniques)	4999 (69 uniques)	4999 (69 uniques)
52_AM21	88078	80926	80926	80926 (25361 uniques)	77793 (1099 uniques)	73965 (894 uniques)	73357 (874 uniques)	71645 (825 uniques)	71645 (825 uniques)	71645 (756 uniques)	66864 (721 uniques)	66848 (713 uniques)	4999 (435 uniques)	4999 (434 uniques)
52_MSCAII	21502	18547	18547	18547 (6670 uniques)	17656 (138 uniques)	17000 (123 uniques)	17000 (110 uniques)	16432 (97 uniques)	16432 (97 uniques)	16432 (78 uniques)	16382 (73 uniques)	16380 (72 uniques)	4999 (67 uniques)	4999 (67 uniques)
52_T	35730	30238	30238	30238 (12718 uniques)	29523 (216 uniques)	27467 (212 uniques)	27459 (193 uniques)	26563 (158 uniques)	26563 (158 uniques)	26563 (113 uniques)	26288 (97 uniques)	26288 (97 uniques)	4999 (94 uniques)	4999 (93 uniques)
52c	38605	24052	24052	24052 (11047 uniques)	23025 (278 uniques)	21682 (262 uniques)	21657 (234 uniques)	21450 (227 uniques)	21450 (227 uniques)	21450 (174 uniques)	21222 (155 uniques)	21212 (150 uniques)	4999 (137 uniques)	4999 (137 uniques)
53_AM21	67532	59704	59704	59704 (16302 uniques)	59307 (502 uniques)	58321 (451 uniques)	58139 (443 uniques)	57990 (435 uniques)	57990 (435 uniques)	57990 (398 uniques)	53146 (378 uniques)	53146 (378 uniques)	4999 (297 uniques)	4999 (296 uniques)
53_MSCAII	27640	24687	24687	24687 (9426 uniques)	23468 (213 uniques)	22296 (206 uniques)	22296 (185 uniques)	21764 (171 uniques)	21764 (171 uniques)	21764 (130 uniques)	21658 (122 uniques)	21652 (119 uniques)	4999 (106 uniques)	4999 (106 uniques)
53_T	10970	9179	9179	9179 (4505 uniques)	8907 (90 uniques)	8145 (77 uniques)	8145 (74 uniques)	7983 (70 uniques)	7983 (70 uniques)	7983 (47 uniques)	7915 (42 uniques)	7915 (42 uniques)	4999 (42 uniques)	4999 (42 uniques)
53c	25975	22174	22174	22174 (7206 uniques)	21789 (157 uniques)	20910 (140 uniques)	20892 (130 uniques)	20808 (125 uniques)	20808 (125 uniques)	20808 (101 uniques)	20808 (101 uniques)	20808 (101 uniques)	4999 (91 uniques)	4999 (91 uniques)
54_AM21	61809	53835	53835	53835 (25667 uniques)	51124 (899 uniques)	46318 (727 uniques)	46226 (713 uniques)	45288 (682 uniques)	45288 (682 uniques)	45288 (593 uniques)	44354 (568 uniques)	44352 (567 uniques)	4999 (433 uniques)	4999 (432 uniques)
54_MSCAII	25988	22598	22598	22598 (9132 uniques)	21782 (177 uniques)	20717 (154 uniques)	20717 (148 uniques)	19070 (115 uniques)	19070 (115 uniques)	19070 (93 uniques)	19034 (89 uniques)	19034 (89 uniques)	4999 (89 uniques)	4999 (89 uniques)
54_T	36622	31829	31829	31829 (12090 uniques)	31121 (203 uniques)	29097 (256 uniques)	29092 (218 uniques)	28447 (190 uniques)	28447 (190 uniques)	28447 (101 uniques)	28321 (89 uniques)	28319 (88 uniques)	4999 (76 uniques)	4999 (75 uniques)
54c	28173	25079	25079	25079 (9467 uniques)	24563 (190 uniques)	23375 (187 uniques)	23373 (175 uniques)	22650 (144 uniques)	22650 (144 uniques)	22650 (106 uniques)	22650 (106 uniques)	22650 (106 uniques)	4999 (99 uniques)	4999 (99 uniques)
55_AM21	77359	67450	67450	67450 (24282 uniques)	64632 (789 uniques)	60556 (637 uniques)	60346 (620 uniques)	58690 (571 uniques)	58690 (571 uniques)	58690 (510 uniques)	57312 (479 uniques)	57310 (478 uniques)	4999 (338 uniques)	4999 (338 uniques)
55_MSCAII	193123	167737	167737	167737 (48375 uniques)	165170 (555 uniques)	159933 (605 uniques)	159926 (547 uniques)	149343 (404 uniques)	149343 (404 uniques)	149343 (253 uniques)	149245 (242 uniques)	149229 (234 uniques)	4999 (136 uniques)	4999 (135 uniques)
55_T	35906	30765	30765	30765 (11374 uniques)	30093 (187 uniques)	28423 (221 uniques)	28423 (200 uniques)	27751 (163 uniques)	27751 (163 uniques)	27751 (92 uniques)	27377 (80 uniques)	27377 (80 uniques)	4999 (74 uniques)	4999 (73 uniques)
55c	31521	27315	27315	27315 (10406 uniques)	26775 (189 uniques)	25402 (177 uniques)	25402 (168 uniques)	24711 (140 uniques)	24711 (140 uniques)	24711 (110 uniques)	24691 (107 uniques)	24689 (106 uniques)	4999 (97 uniques)	4999 (97 uniques)
56_AM21	115157	102157	102157	102157 (27050 uniques)	99222 (1006 uniques)	94929 (778 uniques)	94876 (755 uniques)	93140 (709 uniques)	93140 (709 uniques)	93140 (650 uniques)	90901 (615 uniques)	90889 (609 uniques)	4999 (327 uniques)	4999 (327 uniques)
56_MSCAII	132793	117319	117319	117319 (47640 uniques)	113533 (972 uniques)	106235 (939 uniques)	106088 (837 uniques)	102281 (749 uniques)	102281 (749 uniques)	102281 (539 uniques)	101135 (512 uniques)	101097 (493 uniques)	4999 (284 uniques)	4999 (284 uniques)
56_T	33828	28155	28155	28155 (10076 uniques)	27631 (208 uniques)	26309 (205 uniques)	26302 (196 uniques)	25619 (167 uniques)	25619 (167 uniques)	25619 (125 uniques)	25294 (100 uniques)	25294 (100 uniques)	4999 (93 uniques)	4999 (93 uniques)
56c	33213	28698	28698	28698 (13035 uniques)	27413 (293 uniques)	25574 (295 uniques)	25572 (251 uniques)	25224 (238 uniques)	25224 (238 uniques)	25224 (172 uniques)	24976 (160 uniques)	24972 (158 uniques)	4999 (148 uniques)	4999 (148 uniques)
57_AM21	117898	92876	92876	92876 (25849 uniques)	90096 (899 uniques)	85988 (739 uniques)	85790 (703 uniques)	83134 (641 uniques)	83134 (641 uniques)	83134 (567 uniques)	82598 (537 uniques)	82584 (530 uniques)	4999 (294 uniques)	4999 (293 uniques)
57_MSCAII	60268	53949	53949	53949 (15174 uniques)	53828 (104 uniques)	53675 (134 uniques)	53675 (106 uniques)	53675 (106 uniques)	53675 (106 uniques)	53675 (73 uniques)	52151 (68 uniques)	52151 (68 uniques)	4999 (63 uniques)	4999 (63 uniques)
57_T	22246	19035	19035	19035 (7853 uniques)	18490 (152 uniques)	17220 (206 uniques)	17220 (170 uniques)	16903 (150 uniques)	16903 (150 uniques)	16903 (77 uniques)	16618 (72 uniques)	16618 (72 uniques)	4999 (68 uniques)	4999 (67 uniques)
57c	32563	28980	28980	28980 (12297 uniques)	27942 (267 uniques)	26518 (284 uniques)	26508 (238 uniques)	26042 (222 uniques)	26042 (222 uniques)	26042 (156 uniques)	25734 (139 uniques)	25730 (137 uniques)	4999 (122 uniques)	4999 (122 uniques)
58_AM21	88740	78540	78540	78540 (24175 uniques)	75455 (875 uniques)	71786 (703 uniques)	71746 (690 uniques)	69751 (631 uniques)	69751 (631 uniques)	69751 (580 uniques)	68757 (556 uniques)	68749 (552 uniques)	4999 (335 uniques)	4999 (335 uniques)
58_MSCAII	8248	7089	7089	7089 (2609 uniques)	6963 (106 uniques)	6683 (89 uniques)	6683 (87 uniques)	6683 (87 uniques)	6683 (87 uniques)	6683 (81 uniques)	2665 (75 uniques)	2665 (75 uniques)	/	/
58_T	23588	20178	20178	20178 (7947 uniques)	19592 (138 uniques)	18259 (203 uniques)	18259 (164 uniques)	17947 (143 uniques)	17947 (143 uniques)	17947 (70 uniques)	17720 (63 uniques)	17720 (63 uniques)	4999 (61 uniques)	4999 (60 uniques)
58c	32625	27740	27740	27740 (10732 uniques)	27082 (224 uniques)	25430 (222 uniques)	25430 (205 uniques)	24630 (166 uniques)	24630 (166 uniques)	24630 (126 uniques)	24630 (126 uniques)	24626 (124 uniques)	4999 (110 uniques)	4999 (110 uniques)
59_AM21	100751	92385	92385	92385 (20595 uniques)	89658 (789 uniques)	86998 (627 uniques)	86945 (607 uniques)	85126 (565 uniques)	85126 (565 uniques)	85126 (516 uniques)	83868 (494 uniques)	83858 (489 uniques)	4999 (248 uniques)	4999 (248 uniques)
59_T	30242	26246	26246	26246 (10797 uniques)	25660 (184 uniques)	23667 (218 uniques)	23667 (192 uniques)	23099 (164 uniques)	23099 (164 uniques)	23099 (94 uniques)	22816 (77 uniques)	22814 (76 uniques)	4999 (71 uniques)	4999 (70 uniques)
59c	12900	11161	11161	11161 (4708 uniques)	10840 (124 uniques)	10432 (115 uniques)	10432 (111 uniques)	10424 (110 uniques)	10424 (110 uniques)	10424 (84 uniques)	10424 (84 uniques)	10422 (83 uniques)	4999 (81 uniques)	4999 (80 uniques)
5_AM21	53457	48112	48112	48112 (12037 uniques)	47700 (331 uniques)	47049 (296 uniques)	46986 (291 uniques)	46915 (287 uniques)	46915 (287 uniques)	46915 (261 uniques)	43232 (246 uniques)	43232 (246 uniques)	4999 (196 uniques)	4999 (196 uniques)
5_MSCAII	28461	25274	25274	25274 (10877 uniques)	24717 (257 uniques)	23667 (264 uniques)	23655 (230 uniques)	23480 (227 uniques)	23480 (227 uniques)	23480 (166 uniques)	23204 (148 uniques)	23200 (146 uniques)	4999 (130 uniques)	4999 (130 uniques)
5c	94678	83210	83210	83210 (30349 uniques)	80953 (557 uniques)	76535 (589 uniques)	76489 (498 uniques)	75584 (468 uniques)	75584 (468 uniques)	75584 (316 uniques)	74313 (271 uniques)	74309 (269 uniques)	4999 (209 uniques)	4999 (208 uniques)
5s	33845	28772	28772	28772 (19197 uniques)	26040 (700 uniques)	20327 (514 uniques)	20233 (493 uniques)	20223 (492 uniques)	20223 (492 uniques)	20223 (398 uniques)	20184 (394 uniques)	20176 (390 uniques)	4999 (379 uniques)	4999 (378 uniques)
60_AM21	99211	89509	89509	89509 (28117 uniques)	87023 (822 uniques)	83065 (720 uniques)	82843 (701 uniques)	81008 (625 uniques)	81008 (625 uniques)	81008 (523 uniques)	80010 (503 uniques)	79998 (497 uniques)	4999 (318 uniques)	4999 (317 uniques)
60_T	31832	27922	27922	27922 (11286 uniques)	27207 (207 uniques)	25460 (242 uniques)	25460 (215 uniques)	24974 (195 uniques)	24974 (195 uniques)	24974 (115 uniques)	24531 (93 uniques)	24531 (93 uniques)	4999 (87 uniques)	4999 (86 uniques)
60c	16387	13464	13464	13464 (5319 uniques)	13077 (148 uniques)	12531 (123 uniques)	12531 (122 uniques)	12531 (122 uniques)	12531 (122 uniques)	12531 (111 uniques)	12531 (111 uniques)	12529 (110 uniques)	4999 (102 uniques)	4999 (102 uniques)
61_AM21	84452	74782	74782	74782 (24664 uniques)	72273 (919 uniques)	67909 (753 uniques)	67736 (720 uniques)	66776 (677 uniques)	66776 (677 uniques)	66776 (580 uniques)	65502 (556 uniques)	65482 (546 uniques)	4999 (333 uniques)	4999 (332 uniques)
61_T	46692	40326	40326	40326 (15032 uniques)	39632 (249 uniques)	37319 (324 uniques)	37319 (264 uniques)	36294 (223 uniques)	36294 (223 uniques)	36294 (118 uniques)	35953 (96 uniques)	35953 (96 uniques)	4999 (85 uniques)	4999 (84 uniques)
61c	20585	17756	17756	17756 (6480 uniques)	17335 (150 uniques)	16773 (144 uniques)	16773 (136 uniques)	16704 (133 uniques)	16704 (133 uniques)	16704 (109 uniques)	16688 (107 uniques)	16688 (107 uniques)	4999 (99 uniques)	4999 (99 uniques)
62_AM21	56298	50423	50423	50423 (12588 uniques)	50185 (328 uniques)	49708 (316 uniques)	49685 (300 uniques)	49584 (294 uniques)	49584 (294 uniques)	49584 (256 uniques)	48634 (242 uniques)	48634 (242 uniques)	4999 (199 uniques)	4999 (199 uniques)
62_T	30050	26169	26169	26169 (11064 uniques)	25618 (211 uniques)	24026 (197 uniques)	24008 (185 uniques)	23298 (157 uniques)	23298 (157 uniques)	23298 (117 uniques)	22908 (98 uniques)	22906 (97 uniques)	4999 (91 uniques)	4999 (90 uniques)
62c	25584	22588	22588	22588 (9742 uniques)	21670 (273 uniques)	20532 (266 uniques)	20516 (234 uniques)	20473 (231 uniques)	20473 (231 uniques)	20473 (185 uniques)	20067 (161 uniques)	20061 (158 uniques)	4999 (147 uniques)	4999 (147 uniques)
63_AM21	90434	80560	80560	80560 (25791 uniques)	77587 (815 uniques)	73034 (647 uniques)	72796 (613 uniques)	70937 (567 uniques)	70937 (567 uniques)	70937 (491 uniques)	68365 (478 uniques)	68361 (476 uniques)	4999 (305 uniques)	4999 (304 uniques)
63_T	20973	18988	18988	18988 (3275 uniques)	18766 (67 uniques)	18534 (49 uniques)	18534 (49 uniques)	18496 (47 uniques)	18496 (47 uniques)	18496 (42 uniques)	569 (38 uniques)	569 (38 uniques)	/	/
63c	39648	33715	33715	33715 (14347 uniques)	32583 (332 uniques)	30677 (364 uniques)	30636 (300 uniques)	30201 (282 uniques)	30201 (282 uniques)	30201 (204 uniques)	29513 (170 uniques)	29511 (169 uniques)	4999 (154 uniques)	4999 (153 uniques)
64_AM21	105022	93768	93768	93768 (26769 uniques)	91201 (778 uniques)	87092 (678 uniques)	87023 (648 uniques)	84556 (581 uniques)	84556 (581 uniques)	84556 (489 uniques)	83687 (468 uniques)	83673 (461 uniques)	4999 (241 uniques)	4999 (239 uniques)
64_T	19924	17173	17173	17173 (3938 uniques)	16715 (103 uniques)	16364 (82 uniques)	16364 (82 uniques)	16354 (81 uniques)	16354 (81 uniques)	16354 (76 uniques)	2044 (70 uniques)	2044 (70 uniques)	/	/
64c	33766	29189	29189	29189 (10203 uniques)	28649 (177 uniques)	27048 (158 uniques)	27048 (151 uniques)	25958 (112 uniques)	25958 (112 uniques)	25958 (82 uniques)	25958 (82 uniques)	25958 (82 uniques)	4999 (78 uniques)	4999 (78 uniques)
64c_repeat	125511	109247	109247	109247 (31102 uniques)	107792 (421 uniques)	103337 (489 uniques)	103337 (451 uniques)	96704 (259 uniques)	96704 (259 uniques)	96704 (169 uniques)	96694 (167 uniques)	96693 (166 uniques)	4999 (112 uniques)	4999 (112 uniques)
64c_repeat_1_10_dilution	258	123	123	123 (109 uniques)	61 (6 uniques)	55 (6 uniques)	55 (6 uniques)	55 (6 uniques)	55 (6 uniques)	55 (6 uniques)	55 (6 uniques)	55 (6 uniques)	/	/
65_AM21	90608	79426	79426	79426 (22700 uniques)	76872 (786 uniques)	73386 (623 uniques)	73184 (596 uniques)	71293 (551 uniques)	71293 (551 uniques)	71293 (501 uniques)	70172 (476 uniques)	70166 (473 uniques)	4999 (288 uniques)	4999 (288 uniques)
65_T	17264	14661	14661	14661 (2702 uniques)	14382 (57 uniques)	14145 (43 uniques)	14145 (42 uniques)	14118 (41 uniques)	14118 (41 uniques)	14118 (38 uniques)	539 (36 uniques)	539 (36 uniques)	/	/
65c	29354	24879	24879	24879 (10817 uniques)	23962 (260 uniques)	22414 (274 uniques)	22165 (228 uniques)	21851 (217 uniques)	21851 (217 uniques)	21851 (153 uniques)	21599 (136 uniques)	21597 (135 uniques)	4999 (127 uniques)	4999 (127 uniques)
66_AM21	94599	84928	84928	84928 (22376 uniques)	82378 (740 uniques)	78782 (606 uniques)	78662 (582 uniques)	76786 (533 uniques)	76786 (533 uniques)	76786 (474 uniques)	76165 (454 uniques)	76155 (449 uniques)	4999 (242 uniques)	4999 (242 uniques)
66_T	22370	19452	19452	19452 (3592 uniques)	19238 (44 uniques)	18967 (36 uniques)	18967 (36 uniques)	18960 (35 uniques)	18960 (35 uniques)	18960 (34 uniques)	702 (31 uniques)	702 (31 uniques)	/	/
66c	27244	23579	23579	23579 (8790 uniques)	23001 (171 uniques)	21668 (164 uniques)	21657 (155 uniques)	20504 (119 uniques)	20504 (119 uniques)	20504 (92 uniques)	20504 (92 uniques)	20502 (91 uniques)	4999 (87 uniques)	4999 (87 uniques)
67_AM21	46811	39987	39987	39987 (9771 uniques)	39724 (210 uniques)	39184 (194 uniques)	39130 (188 uniques)	39114 (186 uniques)	39114 (186 uniques)	39114 (164 uniques)	38102 (157 uniques)	38102 (157 uniques)	4999 (138 uniques)	4999 (138 uniques)
67_T	9446	8042	8042	8042 (2542 uniques)	7778 (65 uniques)	7591 (58 uniques)	7591 (55 uniques)	7549 (50 uniques)	7549 (50 uniques)	7549 (40 uniques)	2539 (39 uniques)	2535 (37 uniques)	/	/
67c	27718	25711	25711	25711 (10708 uniques)	24819 (244 uniques)	23518 (251 uniques)	23471 (224 uniques)	22973 (212 uniques)	22973 (212 uniques)	22973 (154 uniques)	22884 (146 uniques)	22884 (146 uniques)	4999 (128 uniques)	4999 (128 uniques)
68_AM21	103987	91904	91904	91904 (32150 uniques)	88308 (1277 uniques)	83210 (1039 uniques)	82897 (1018 uniques)	81197 (974 uniques)	81197 (974 uniques)	81197 (868 uniques)	76736 (829 uniques)	76716 (819 uniques)	4999 (487 uniques)	4999 (486 uniques)
68_T	11541	10004	10004	10004 (2260 uniques)	9795 (45 uniques)	9639 (31 uniques)	9639 (31 uniques)	9639 (31 uniques)	9639 (31 uniques)	9639 (30 uniques)	654 (26 uniques)	654 (26 uniques)	/	/
68c	17067	14827	14827	14827 (5116 uniques)	14494 (122 uniques)	14086 (99 uniques)	14086 (98 uniques)	13996 (93 uniques)	13996 (93 uniques)	13996 (83 uniques)	13996 (83 uniques)	13996 (83 uniques)	4999 (79 uniques)	4999 (79 uniques)
69_AM21	121177	104778	104778	104778 (30914 uniques)	102467 (610 uniques)	98193 (545 uniques)	98164 (528 uniques)	93821 (420 uniques)	93821 (420 uniques)	93821 (343 uniques)	93264 (327 uniques)	93262 (326 uniques)	4999 (164 uniques)	4999 (163 uniques)
69_T	11499	10187	10187	10187 (2454 uniques)	9851 (70 uniques)	9549 (61 uniques)	9543 (56 uniques)	9116 (49 uniques)	9116 (49 uniques)	9116 (45 uniques)	431 (38 uniques)	431 (38 uniques)	/	/
69c	15742	13617	13617	13617 (6004 uniques)	13110 (193 uniques)	12319 (175 uniques)	12216 (161 uniques)	12216 (161 uniques)	12216 (161 uniques)	12216 (129 uniques)	11914 (111 uniques)	11912 (110 uniques)	4999 (109 uniques)	4999 (109 uniques)
6_AM21	101285	90066	90066	90066 (23618 uniques)	87168 (776 uniques)	83740 (608 uniques)	83280 (583 uniques)	80458 (533 uniques)	80458 (533 uniques)	80458 (496 uniques)	79198 (477 uniques)	79186 (471 uniques)	4999 (261 uniques)	4999 (261 uniques)
6_MSCAII	31067	26918	26918	26918 (11339 uniques)	26269 (251 uniques)	25340 (254 uniques)	25328 (216 uniques)	25290 (215 uniques)	25290 (215 uniques)	25290 (156 uniques)	24993 (141 uniques)	24993 (141 uniques)	4999 (130 uniques)	4999 (130 uniques)
6c	62674	54507	54507	54507 (25849 uniques)	52093 (579 uniques)	48135 (558 uniques)	48100 (505 uniques)	46723 (471 uniques)	46723 (471 uniques)	46723 (350 uniques)	45864 (324 uniques)	45848 (316 uniques)	4999 (261 uniques)	4999 (260 uniques)
6s	34083	28437	28437	28437 (18906 uniques)	25698 (666 uniques)	19308 (443 uniques)	19222 (434 uniques)	19166 (433 uniques)	19166 (433 uniques)	19166 (360 uniques)	19156 (358 uniques)	19152 (356 uniques)	4999 (349 uniques)	4999 (348 uniques)
70_AM21	89329	79677	79677	79677 (21774 uniques)	77210 (667 uniques)	73982 (580 uniques)	73898 (557 uniques)	72481 (510 uniques)	72481 (510 uniques)	72481 (445 uniques)	71794 (423 uniques)	71794 (423 uniques)	4999 (242 uniques)	4999 (242 uniques)
70_T	11927	10552	10552	10552 (2631 uniques)	10220 (121 uniques)	9936 (93 uniques)	9936 (92 uniques)	9928 (91 uniques)	9928 (91 uniques)	9928 (82 uniques)	1539 (75 uniques)	1537 (74 uniques)	/	/
70c	41480	30198	30198	30198 (11070 uniques)	29699 (177 uniques)	28536 (188 uniques)	28527 (167 uniques)	27751 (138 uniques)	27751 (138 uniques)	27751 (94 uniques)	27714 (90 uniques)	27714 (90 uniques)	4999 (75 uniques)	4999 (75 uniques)
71_AM21	71602	63149	63149	63149 (19150 uniques)	61108 (547 uniques)	58357 (452 uniques)	58306 (437 uniques)	57218 (389 uniques)	57218 (389 uniques)	57218 (342 uniques)	56787 (329 uniques)	56783 (327 uniques)	4999 (220 uniques)	4999 (219 uniques)
71_T	11382	10438	10438	10438 (1967 uniques)	10213 (32 uniques)	10077 (25 uniques)	10077 (25 uniques)	10060 (24 uniques)	10060 (24 uniques)	10060 (22 uniques)	166 (20 uniques)	166 (20 uniques)	/	/
71c	34608	24896	24896	24896 (10632 uniques)	24234 (226 uniques)	22750 (215 uniques)	22674 (195 uniques)	22252 (178 uniques)	22252 (178 uniques)	22252 (122 uniques)	22203 (117 uniques)	22201 (116 uniques)	4999 (111 uniques)	4999 (110 uniques)
72_AM21	82469	73016	73016	73016 (24142 uniques)	70318 (842 uniques)	66109 (701 uniques)	65995 (679 uniques)	64400 (614 uniques)	64400 (614 uniques)	64400 (513 uniques)	63658 (491 uniques)	63648 (486 uniques)	4999 (308 uniques)	4999 (307 uniques)
72_T	13605	11346	11346	11346 (3790 uniques)	10848 (133 uniques)	10263 (114 uniques)	10249 (108 uniques)	9718 (97 uniques)	9718 (97 uniques)	9718 (78 uniques)	2605 (66 uniques)	2603 (65 uniques)	/	/
72c	29216	25022	25022	25022 (7507 uniques)	24611 (124 uniques)	23673 (104 uniques)	23673 (99 uniques)	23166 (82 uniques)	23166 (82 uniques)	23166 (68 uniques)	23155 (67 uniques)	23155 (67 uniques)	4999 (62 uniques)	4999 (62 uniques)
73_AM21	90323	78919	78919	78919 (24976 uniques)	76172 (843 uniques)	72135 (687 uniques)	71890 (666 uniques)	69726 (612 uniques)	69726 (612 uniques)	69726 (559 uniques)	68815 (533 uniques)	68807 (529 uniques)	4999 (315 uniques)	4999 (315 uniques)
73_T	23297	17291	17291	17291 (3620 uniques)	17028 (83 uniques)	16769 (67 uniques)	16769 (67 uniques)	16769 (67 uniques)	16769 (67 uniques)	16769 (65 uniques)	1104 (58 uniques)	1104 (58 uniques)	/	/
73c	46598	40485	40485	40485 (16567 uniques)	39208 (345 uniques)	37180 (374 uniques)	37171 (318 uniques)	36196 (294 uniques)	36196 (294 uniques)	36196 (205 uniques)	35744 (183 uniques)	35736 (179 uniques)	4999 (148 uniques)	4999 (148 uniques)
73c_repeat	143843	126611	126611	126611 (44682 uniques)	123435 (759 uniques)	117415 (923 uniques)	117351 (743 uniques)	113565 (640 uniques)	113565 (640 uniques)	113565 (378 uniques)	111542 (315 uniques)	111531 (309 uniques)	4999 (205 uniques)	4999 (204 uniques)
73c_repeat_1_10_dilution	47	/	/	/	/	/	/	/	/	/	/	/	/	/
74_AM21	76544	67238	67238	67238 (26413 uniques)	64375 (945 uniques)	59707 (743 uniques)	59417 (726 uniques)	58073 (677 uniques)	58073 (677 uniques)	58073 (591 uniques)	55854 (569 uniques)	55844 (564 uniques)	4999 (393 uniques)	4999 (392 uniques)
74_T	10574	9249	9249	9249 (1632 uniques)	9092 (11 uniques)	8999 (5 uniques)	8999 (5 uniques)	8999 (5 uniques)	8999 (5 uniques)	8999 (5 uniques)	30 (3 uniques)	30 (3 uniques)	/	/
74c	29422	25439	25439	25439 (7642 uniques)	25017 (121 uniques)	24180 (116 uniques)	24164 (110 uniques)	23748 (91 uniques)	23748 (91 uniques)	23748 (78 uniques)	23748 (78 uniques)	23746 (77 uniques)	4999 (70 uniques)	4999 (70 uniques)
75_AM21	90975	80207	80207	80207 (29695 uniques)	77484 (880 uniques)	72486 (755 uniques)	72308 (733 uniques)	70277 (665 uniques)	70277 (665 uniques)	70277 (552 uniques)	69171 (528 uniques)	69163 (524 uniques)	4999 (349 uniques)	4999 (349 uniques)
75_T	6941	6151	6151	6151 (1395 uniques)	5966 (26 uniques)	5921 (22 uniques)	5921 (22 uniques)	5919 (21 uniques)	5919 (21 uniques)	5919 (21 uniques)	290 (20 uniques)	290 (20 uniques)	/	/
75c	29996	24871	24871	24871 (12211 uniques)	23771 (220 uniques)	21392 (199 uniques)	21392 (184 uniques)	20482 (163 uniques)	20482 (163 uniques)	20482 (121 uniques)	20450 (117 uniques)	20448 (116 uniques)	4999 (108 uniques)	4999 (108 uniques)
76_AM21	83560	74025	74025	74025 (27164 uniques)	71152 (944 uniques)	65402 (777 uniques)	65257 (757 uniques)	63800 (699 uniques)	63800 (699 uniques)	63800 (600 uniques)	63345 (577 uniques)	63335 (572 uniques)	4999 (364 uniques)	4999 (364 uniques)
76_T	19054	9949	9949	9949 (2634 uniques)	9565 (82 uniques)	9260 (65 uniques)	9260 (65 uniques)	9199 (62 uniques)	9199 (62 uniques)	9199 (56 uniques)	1215 (50 uniques)	1215 (50 uniques)	/	/
76c	25676	22736	22736	22736 (9902 uniques)	21884 (273 uniques)	20594 (252 uniques)	20566 (218 uniques)	20498 (215 uniques)	20498 (215 uniques)	20498 (163 uniques)	20208 (147 uniques)	20206 (146 uniques)	4999 (140 uniques)	4999 (140 uniques)
77_AM21	87123	74970	74970	74970 (31209 uniques)	73595 (514 uniques)	70079 (480 uniques)	69440 (467 uniques)	64834 (350 uniques)	64834 (350 uniques)	64834 (300 uniques)	63931 (286 uniques)	63929 (285 uniques)	4999 (224 uniques)	4999 (224 uniques)
77_T	11415	9855	9855	9855 (1940 uniques)	9673 (39 uniques)	9557 (30 uniques)	9557 (30 uniques)	9557 (30 uniques)	9557 (30 uniques)	9557 (27 uniques)	406 (25 uniques)	406 (25 uniques)	/	/
77c	27171	23807	23807	23807 (7946 uniques)	23356 (158 uniques)	22280 (147 uniques)	22208 (133 uniques)	21868 (120 uniques)	21868 (120 uniques)	21868 (88 uniques)	21851 (86 uniques)	21851 (86 uniques)	4999 (81 uniques)	4999 (81 uniques)
78_AM21	91809	82002	82002	82002 (23279 uniques)	79445 (702 uniques)	75805 (564 uniques)	75639 (534 uniques)	73098 (481 uniques)	73098 (481 uniques)	73098 (431 uniques)	70874 (406 uniques)	70862 (400 uniques)	4999 (234 uniques)	4999 (233 uniques)
78_T	15885	14053	14053	14053 (4429 uniques)	13558 (148 uniques)	12785 (113 uniques)	12752 (111 uniques)	12707 (108 uniques)	12707 (108 uniques)	12707 (100 uniques)	2743 (93 uniques)	2743 (93 uniques)	/	/
78c	22878	20284	20284	20284 (9074 uniques)	19715 (209 uniques)	18436 (210 uniques)	18413 (192 uniques)	18294 (186 uniques)	18294 (186 uniques)	18294 (124 uniques)	18231 (119 uniques)	18231 (119 uniques)	4999 (112 uniques)	4999 (112 uniques)
79_AM21	60714	53851	53851	53851 (22926 uniques)	51274 (886 uniques)	47376 (702 uniques)	47141 (686 uniques)	46388 (660 uniques)	46388 (660 uniques)	46388 (586 uniques)	44858 (563 uniques)	44850 (559 uniques)	4999 (433 uniques)	4999 (432 uniques)
79_T	11709	10434	10434	10434 (2710 uniques)	10076 (105 uniques)	9651 (77 uniques)	9651 (76 uniques)	9639 (75 uniques)	9639 (75 uniques)	9639 (71 uniques)	1069 (65 uniques)	1065 (63 uniques)	/	/
79c	20135	17242	17242	17242 (7089 uniques)	16841 (140 uniques)	16028 (142 uniques)	15963 (127 uniques)	15782 (122 uniques)	15782 (122 uniques)	15782 (90 uniques)	15777 (89 uniques)	15775 (88 uniques)	4999 (81 uniques)	4999 (81 uniques)
7_AM21	68194	62533	62533	62533 (21305 uniques)	60016 (871 uniques)	56752 (708 uniques)	56628 (693 uniques)	55172 (654 uniques)	55172 (654 uniques)	55172 (592 uniques)	53479 (566 uniques)	53473 (563 uniques)	4999 (379 uniques)	4999 (378 uniques)
7_MSCAII	28797	25202	25202	25202 (11138 uniques)	24282 (296 uniques)	23044 (293 uniques)	23033 (259 uniques)	23021 (258 uniques)	23021 (258 uniques)	23021 (194 uniques)	22031 (162 uniques)	22029 (161 uniques)	4999 (151 uniques)	4999 (151 uniques)
7c	81921	71418	71418	71418 (29410 uniques)	69124 (592 uniques)	65001 (585 uniques)	64994 (522 uniques)	63927 (493 uniques)	63927 (493 uniques)	63927 (347 uniques)	63724 (334 uniques)	63714 (329 uniques)	4999 (258 uniques)	4999 (258 uniques)
7s	13837	12229	12229	12229 (9900 uniques)	9921 (288 uniques)	6145 (182 uniques)	6132 (178 uniques)	6132 (178 uniques)	6132 (178 uniques)	6132 (160 uniques)	6117 (158 uniques)	6111 (155 uniques)	4999 (155 uniques)	4999 (155 uniques)
80_AM21	62431	55793	55793	55793 (20031 uniques)	53412 (704 uniques)	50113 (586 uniques)	49982 (567 uniques)	48711 (526 uniques)	48711 (526 uniques)	48711 (470 uniques)	47607 (446 uniques)	47597 (441 uniques)	4999 (314 uniques)	4999 (314 uniques)
80_T	10091	8890	8890	8890 (2882 uniques)	8440 (111 uniques)	7961 (92 uniques)	7945 (89 uniques)	7798 (86 uniques)	7798 (86 uniques)	7798 (72 uniques)	1543 (69 uniques)	1541 (68 uniques)	/	/
80c	23227	19961	19961	19961 (8131 uniques)	19481 (143 uniques)	18465 (154 uniques)	18465 (138 uniques)	17756 (112 uniques)	17756 (112 uniques)	17756 (76 uniques)	17735 (74 uniques)	17735 (74 uniques)	4999 (74 uniques)	4999 (74 uniques)
81_AM21	79159	68231	68231	68231 (25333 uniques)	66113 (608 uniques)	61760 (548 uniques)	61696 (512 uniques)	58535 (430 uniques)	58535 (430 uniques)	58535 (358 uniques)	58054 (342 uniques)	58052 (341 uniques)	4999 (214 uniques)	4999 (211 uniques)
81_T	9241	8264	8264	8264 (1938 uniques)	8012 (61 uniques)	7806 (47 uniques)	7806 (47 uniques)	7792 (46 uniques)	7792 (46 uniques)	7792 (44 uniques)	453 (37 uniques)	449 (35 uniques)	/	/
81c	37894	33047	33047	33047 (11846 uniques)	32476 (212 uniques)	30937 (228 uniques)	30917 (201 uniques)	30115 (173 uniques)	30115 (173 uniques)	30115 (115 uniques)	30115 (115 uniques)	30113 (114 uniques)	4999 (104 uniques)	4999 (104 uniques)
82_AM21	82210	73386	73386	73386 (25056 uniques)	70557 (874 uniques)	66414 (666 uniques)	66256 (650 uniques)	64631 (609 uniques)	64631 (609 uniques)	64631 (548 uniques)	61549 (526 uniques)	61537 (520 uniques)	4999 (331 uniques)	4999 (331 uniques)
82_T	8113	7306	7306	7306 (1605 uniques)	7111 (45 uniques)	6982 (35 uniques)	6982 (35 uniques)	6956 (33 uniques)	6956 (33 uniques)	6956 (30 uniques)	468 (27 uniques)	468 (27 uniques)	/	/
82c	32744	28328	28328	28328 (12949 uniques)	26985 (318 uniques)	25205 (324 uniques)	25188 (275 uniques)	24965 (270 uniques)	24965 (270 uniques)	24965 (199 uniques)	24436 (171 uniques)	24434 (170 uniques)	4999 (153 uniques)	4999 (153 uniques)
83_AM21	66713	59427	59427	59427 (17288 uniques)	59052 (550 uniques)	58216 (528 uniques)	58089 (511 uniques)	58016 (505 uniques)	58016 (505 uniques)	58016 (451 uniques)	53863 (423 uniques)	53861 (422 uniques)	4999 (333 uniques)	4999 (332 uniques)
83_T	10304	9283	9283	9283 (2217 uniques)	9081 (65 uniques)	8848 (50 uniques)	8848 (50 uniques)	8839 (49 uniques)	8839 (49 uniques)	8839 (48 uniques)	877 (46 uniques)	877 (46 uniques)	/	/
83c	31889	27903	27903	27903 (9057 uniques)	27458 (147 uniques)	26390 (154 uniques)	26390 (140 uniques)	25935 (124 uniques)	25935 (124 uniques)	25935 (91 uniques)	25935 (91 uniques)	25935 (91 uniques)	4999 (77 uniques)	4999 (77 uniques)
84_AM21	89689	79636	79636	79636 (31583 uniques)	76700 (977 uniques)	70817 (838 uniques)	70663 (799 uniques)	68633 (730 uniques)	68633 (730 uniques)	68633 (620 uniques)	65852 (592 uniques)	65846 (589 uniques)	4999 (379 uniques)	4999 (378 uniques)
84_T	10114	8781	8781	8781 (1965 uniques)	8563 (71 uniques)	8449 (56 uniques)	8449 (56 uniques)	8387 (54 uniques)	8387 (54 uniques)	8387 (53 uniques)	488 (44 uniques)	488 (44 uniques)	/	/
84c	32492	28401	28401	28401 (9244 uniques)	27864 (169 uniques)	26808 (155 uniques)	26806 (148 uniques)	26081 (128 uniques)	26081 (128 uniques)	26081 (101 uniques)	26081 (101 uniques)	26079 (100 uniques)	4999 (93 uniques)	4999 (93 uniques)
85_AM21	65404	58400	58400	58400 (26002 uniques)	55590 (1118 uniques)	51199 (907 uniques)	50984 (885 uniques)	50273 (860 uniques)	50273 (860 uniques)	50273 (761 uniques)	48850 (728 uniques)	48840 (723 uniques)	4999 (531 uniques)	4999 (530 uniques)
85_T	18075	15945	15945	15945 (4415 uniques)	15340 (173 uniques)	14570 (108 uniques)	14554 (107 uniques)	14539 (105 uniques)	14539 (105 uniques)	14539 (91 uniques)	2234 (83 uniques)	2234 (83 uniques)	/	/
85c	25105	21239	21239	21239 (8437 uniques)	20637 (177 uniques)	19341 (163 uniques)	19332 (150 uniques)	18253 (127 uniques)	18253 (127 uniques)	18253 (90 uniques)	18253 (90 uniques)	18253 (90 uniques)	4999 (84 uniques)	4999 (84 uniques)
86_AM21	63993	57638	57638	57638 (26261 uniques)	54885 (909 uniques)	50316 (767 uniques)	50202 (748 uniques)	49449 (717 uniques)	49449 (717 uniques)	49449 (601 uniques)	46498 (577 uniques)	46490 (573 uniques)	4999 (426 uniques)	4999 (424 uniques)
86_T	12266	10663	10663	10663 (2703 uniques)	10245 (89 uniques)	9955 (75 uniques)	9955 (74 uniques)	9725 (68 uniques)	9725 (68 uniques)	9725 (62 uniques)	860 (54 uniques)	858 (53 uniques)	/	/
86c	34851	30235	30235	30235 (12470 uniques)	29261 (285 uniques)	27776 (309 uniques)	27774 (263 uniques)	27486 (253 uniques)	27486 (253 uniques)	27486 (173 uniques)	27154 (152 uniques)	27152 (151 uniques)	4999 (136 uniques)	4999 (136 uniques)
87_AM21	55869	49914	49914	49914 (18360 uniques)	47541 (730 uniques)	44498 (596 uniques)	44289 (588 uniques)	43426 (553 uniques)	43426 (553 uniques)	43426 (491 uniques)	42992 (472 uniques)	42988 (470 uniques)	4999 (357 uniques)	4999 (357 uniques)
87_T	5757	5054	5054	5054 (1067 uniques)	4946 (14 uniques)	4908 (9 uniques)	4908 (9 uniques)	4908 (9 uniques)	4908 (9 uniques)	4908 (9 uniques)	99 (8 uniques)	97 (7 uniques)	/	/
87c	28797	25284	25284	25284 (9156 uniques)	24729 (194 uniques)	23521 (199 uniques)	23521 (184 uniques)	22864 (153 uniques)	22864 (153 uniques)	22864 (106 uniques)	22864 (106 uniques)	22864 (106 uniques)	4999 (100 uniques)	4999 (99 uniques)
88_AM21	76589	67937	67937	67937 (24822 uniques)	65330 (876 uniques)	61387 (755 uniques)	61259 (732 uniques)	60056 (686 uniques)	60056 (686 uniques)	60056 (587 uniques)	59281 (561 uniques)	59273 (557 uniques)	4999 (368 uniques)	4999 (367 uniques)
88_T	14168	11244	11244	11244 (3453 uniques)	10892 (97 uniques)	10544 (79 uniques)	10544 (77 uniques)	10469 (70 uniques)	10469 (70 uniques)	10469 (56 uniques)	3922 (54 uniques)	3922 (54 uniques)	/	/
88c	28380	24288	24288	24288 (11488 uniques)	23475 (278 uniques)	21997 (270 uniques)	21997 (240 uniques)	21741 (232 uniques)	21741 (232 uniques)	21741 (174 uniques)	21532 (158 uniques)	21522 (153 uniques)	4999 (150 uniques)	4999 (150 uniques)
89_AM21	80385	69707	69707	69707 (32243 uniques)	66464 (1150 uniques)	60769 (934 uniques)	60404 (911 uniques)	59275 (871 uniques)	59275 (871 uniques)	59275 (753 uniques)	58273 (731 uniques)	58263 (726 uniques)	4999 (517 uniques)	4999 (516 uniques)
89_T	21504	18541	18541	18541 (2968 uniques)	18304 (28 uniques)	18201 (22 uniques)	18201 (22 uniques)	18201 (22 uniques)	18201 (22 uniques)	18201 (22 uniques)	204 (15 uniques)	204 (15 uniques)	/	/
89c	62524	54818	54818	54818 (19368 uniques)	53883 (299 uniques)	51344 (370 uniques)	51328 (330 uniques)	47986 (260 uniques)	47986 (260 uniques)	47986 (142 uniques)	47968 (138 uniques)	47964 (136 uniques)	4999 (118 uniques)	4999 (117 uniques)
8_AM21	98964	88042	88042	88042 (34355 uniques)	84468 (990 uniques)	78567 (860 uniques)	78346 (831 uniques)	75848 (765 uniques)	75848 (765 uniques)	75848 (647 uniques)	74736 (621 uniques)	74730 (618 uniques)	4999 (391 uniques)	4999 (390 uniques)
8_MSCAII	39891	35388	35388	35388 (14706 uniques)	34460 (329 uniques)	32778 (341 uniques)	32754 (292 uniques)	32400 (284 uniques)	32400 (284 uniques)	32400 (195 uniques)	31604 (167 uniques)	31602 (166 uniques)	4999 (145 uniques)	4999 (145 uniques)
8c	60022	50800	50800	50800 (20829 uniques)	50243 (416 uniques)	48535 (413 uniques)	48535 (388 uniques)	48273 (377 uniques)	48273 (377 uniques)	48273 (288 uniques)	47710 (271 uniques)	47708 (270 uniques)	4999 (215 uniques)	4999 (215 uniques)
8s	18396	16016	16016	16016 (12557 uniques)	13515 (389 uniques)	8698 (259 uniques)	8698 (250 uniques)	8695 (249 uniques)	8695 (249 uniques)	8695 (217 uniques)	8684 (215 uniques)	8682 (214 uniques)	4999 (214 uniques)	4999 (214 uniques)
90_AM21	98807	78877	78877	78877 (18485 uniques)	76401 (735 uniques)	74034 (585 uniques)	74007 (568 uniques)	72254 (520 uniques)	72254 (520 uniques)	72254 (486 uniques)	72088 (473 uniques)	72070 (464 uniques)	4999 (271 uniques)	4999 (271 uniques)
90_T	9146	7294	7294	7294 (1191 uniques)	7202 (14 uniques)	7171 (10 uniques)	7171 (10 uniques)	7171 (10 uniques)	7171 (10 uniques)	7171 (10 uniques)	113 (9 uniques)	113 (9 uniques)	/	/
90c	38691	33339	33339	33339 (12890 uniques)	32356 (245 uniques)	30859 (264 uniques)	30852 (234 uniques)	29542 (199 uniques)	29542 (199 uniques)	29542 (136 uniques)	29449 (128 uniques)	29447 (126 uniques)	4999 (114 uniques)	4999 (114 uniques)
91_AM21	90180	79889	79889	79889 (31511 uniques)	78379 (524 uniques)	74834 (470 uniques)	73877 (460 uniques)	69861 (359 uniques)	69861 (359 uniques)	69861 (309 uniques)	68852 (295 uniques)	68849 (293 uniques)	4999 (229 uniques)	4999 (229 uniques)
91_T	13832	11944	11944	11944 (2324 uniques)	11737 (55 uniques)	11577 (43 uniques)	11577 (43 uniques)	11577 (43 uniques)	11577 (43 uniques)	11577 (43 uniques)	721 (42 uniques)	721 (42 uniques)	/	/
91c	38188	33201	33201	33201 (13143 uniques)	32574 (209 uniques)	30790 (215 uniques)	30773 (189 uniques)	29983 (159 uniques)	29983 (159 uniques)	29983 (106 uniques)	29944 (102 uniques)	29940 (100 uniques)	4999 (93 uniques)	4999 (93 uniques)
92_AM21	89031	76514	76514	76514 (28023 uniques)	73633 (986 uniques)	69031 (798 uniques)	68836 (779 uniques)	67146 (732 uniques)	67146 (732 uniques)	67146 (655 uniques)	64778 (618 uniques)	64774 (616 uniques)	4999 (386 uniques)	4999 (385 uniques)
92_T	11729	10042	10042	10042 (2947 uniques)	9621 (91 uniques)	9196 (70 uniques)	9196 (67 uniques)	9085 (64 uniques)	9085 (64 uniques)	9085 (59 uniques)	934 (51 uniques)	934 (51 uniques)	/	/
92c	40036	35031	35031	35031 (12731 uniques)	34331 (219 uniques)	32636 (238 uniques)	32636 (220 uniques)	31194 (163 uniques)	31194 (163 uniques)	31194 (117 uniques)	31194 (117 uniques)	31193 (116 uniques)	4999 (102 uniques)	4999 (102 uniques)
93_AM21	62428	55317	55317	55317 (23011 uniques)	54182 (435 uniques)	51624 (395 uniques)	51056 (388 uniques)	48072 (310 uniques)	48072 (310 uniques)	48072 (275 uniques)	47506 (265 uniques)	47504 (264 uniques)	4999 (221 uniques)	4999 (221 uniques)
93c	119010	105591	105591	105591 (40092 uniques)	102689 (673 uniques)	97028 (769 uniques)	96902 (633 uniques)	93342 (545 uniques)	93342 (545 uniques)	93342 (338 uniques)	92098 (289 uniques)	92084 (282 uniques)	4999 (202 uniques)	4999 (201 uniques)
94_AM21	69493	60978	60978	60978 (19503 uniques)	58471 (662 uniques)	55459 (527 uniques)	55075 (509 uniques)	53294 (471 uniques)	53294 (471 uniques)	53294 (443 uniques)	52516 (424 uniques)	52508 (420 uniques)	4999 (276 uniques)	4999 (276 uniques)
94c	129652	114207	114207	114207 (37199 uniques)	112581 (522 uniques)	106850 (633 uniques)	106832 (561 uniques)	101661 (384 uniques)	101661 (384 uniques)	101661 (214 uniques)	101655 (213 uniques)	101651 (211 uniques)	4999 (148 uniques)	4999 (146 uniques)
95_AM21	63232	56393	56393	56393 (19715 uniques)	54351 (496 uniques)	51202 (422 uniques)	51159 (411 uniques)	49344 (363 uniques)	49344 (363 uniques)	49344 (302 uniques)	48868 (289 uniques)	48866 (288 uniques)	4999 (208 uniques)	4999 (207 uniques)
95c	145286	118151	118151	118151 (35674 uniques)	116756 (375 uniques)	110900 (562 uniques)	110873 (459 uniques)	106772 (364 uniques)	106772 (364 uniques)	106772 (181 uniques)	106765 (179 uniques)	106763 (178 uniques)	4999 (107 uniques)	4999 (106 uniques)
96_AM21	76146	66392	66392	66392 (20178 uniques)	63774 (799 uniques)	60493 (624 uniques)	60471 (610 uniques)	59391 (578 uniques)	59391 (578 uniques)	59391 (536 uniques)	58293 (510 uniques)	58289 (508 uniques)	4999 (332 uniques)	4999 (331 uniques)
96c	45489	39485	39485	39485 (17881 uniques)	38228 (324 uniques)	36069 (356 uniques)	36030 (304 uniques)	35059 (283 uniques)	35059 (283 uniques)	35059 (193 uniques)	34911 (181 uniques)	34905 (178 uniques)	4999 (154 uniques)	4999 (154 uniques)
97_AM21	82328	72230	72230	72230 (25890 uniques)	69532 (955 uniques)	64628 (774 uniques)	64311 (745 uniques)	62662 (703 uniques)	62662 (703 uniques)	62662 (620 uniques)	61167 (596 uniques)	61159 (592 uniques)	4999 (389 uniques)	4999 (388 uniques)
97c	43593	36267	36267	36267 (12684 uniques)	35456 (231 uniques)	33698 (235 uniques)	33679 (217 uniques)	32803 (186 uniques)	32803 (186 uniques)	32803 (134 uniques)	32797 (132 uniques)	32797 (132 uniques)	4999 (112 uniques)	4999 (112 uniques)
98_AM21	92272	83164	83164	83164 (25748 uniques)	80332 (895 uniques)	76124 (755 uniques)	75995 (737 uniques)	73631 (668 uniques)	73631 (668 uniques)	73631 (580 uniques)	72772 (553 uniques)	72770 (552 uniques)	4999 (334 uniques)	4999 (333 uniques)
98c	42509	34311	34311	34311 (13822 uniques)	33666 (226 uniques)	32113 (238 uniques)	32103 (217 uniques)	31147 (184 uniques)	31147 (184 uniques)	31147 (130 uniques)	31057 (125 uniques)	31057 (125 uniques)	4999 (113 uniques)	4999 (113 uniques)
99_AM21	133087	114594	114594	114594 (48199 uniques)	110971 (1270 uniques)	102108 (1126 uniques)	101869 (1085 uniques)	98723 (986 uniques)	98723 (986 uniques)	98723 (790 uniques)	98332 (760 uniques)	98320 (754 uniques)	4999 (453 uniques)	4999 (452 uniques)
99c	51600	45111	45111	45111 (13366 uniques)	44519 (201 uniques)	42983 (242 uniques)	42983 (211 uniques)	41733 (175 uniques)	41733 (175 uniques)	41733 (115 uniques)	41728 (114 uniques)	41726 (113 uniques)	4999 (91 uniques)	4999 (90 uniques)
9_AM21	79817	70411	70411	70411 (24756 uniques)	67918 (650 uniques)	63458 (549 uniques)	63397 (528 uniques)	61241 (470 uniques)	61241 (470 uniques)	61241 (390 uniques)	60897 (377 uniques)	60895 (376 uniques)	4999 (260 uniques)	4999 (259 uniques)
9_MSCAII	30531	26952	26952	26952 (11731 uniques)	26269 (256 uniques)	25056 (264 uniques)	25021 (231 uniques)	24778 (227 uniques)	24778 (227 uniques)	24778 (170 uniques)	24599 (159 uniques)	24597 (158 uniques)	4999 (142 uniques)	4999 (142 uniques)
9c	79638	67165	67165	67165 (31881 uniques)	64634 (716 uniques)	59583 (638 uniques)	59533 (588 uniques)	58565 (549 uniques)	58565 (549 uniques)	58565 (411 uniques)	57662 (392 uniques)	57640 (381 uniques)	4999 (293 uniques)	4999 (293 uniques)
9s	14445	12302	12302	12302 (10059 uniques)	9874 (280 uniques)	5858 (174 uniques)	5858 (170 uniques)	5858 (170 uniques)	5858 (170 uniques)	5858 (150 uniques)	5853 (148 uniques)	5847 (145 uniques)	4999 (145 uniques)	4999 (145 uniques)
EB_buffer	563	413	413	413 (292 uniques)	303 (10 uniques)	273 (8 uniques)	273 (8 uniques)	273 (8 uniques)	273 (8 uniques)	273 (8 uniques)	261 (7 uniques)	261 (7 uniques)	/	/
Ext._contrl_A10	559	451	451	451 (319 uniques)	334 (16 uniques)	272 (10 uniques)	272 (10 uniques)	272 (10 uniques)	272 (10 uniques)	272 (10 uniques)	272 (10 uniques)	272 (10 uniques)	/	/
Ext._contrl_A12	584	235	235	235 (184 uniques)	133 (6 uniques)	101 (5 uniques)	101 (5 uniques)	101 (5 uniques)	101 (5 uniques)	101 (5 uniques)	101 (5 uniques)	101 (5 uniques)	/	/
Ext._contrl_A5	226	141	141	141 (129 uniques)	78 (3 uniques)	77 (3 uniques)	77 (3 uniques)	77 (3 uniques)	77 (3 uniques)	77 (3 uniques)	77 (3 uniques)	77 (3 uniques)	/	/
Ext._contrl_B4	781	151	151	151 (131 uniques)	53 (5 uniques)	40 (4 uniques)	40 (3 uniques)	40 (3 uniques)	40 (3 uniques)	40 (2 uniques)	40 (2 uniques)	40 (2 uniques)	/	/
Ext._contrl_B7	153	84	84	84 (65 uniques)	27 (3 uniques)	27 (3 uniques)	27 (3 uniques)	27 (3 uniques)	27 (3 uniques)	27 (3 uniques)	25 (2 uniques)	25 (2 uniques)	/	/
Ext._contrl_C1	337	236	236	236 (178 uniques)	179 (7 uniques)	172 (7 uniques)	172 (7 uniques)	172 (7 uniques)	172 (7 uniques)	172 (7 uniques)	146 (6 uniques)	146 (6 uniques)	/	/
Ext._contrl_C10	144	106	106	106 (92 uniques)	54 (3 uniques)	34 (2 uniques)	34 (2 uniques)	34 (2 uniques)	34 (2 uniques)	34 (2 uniques)	34 (2 uniques)	34 (2 uniques)	/	/
Ext._contrl_C12	75296	60341	60341	60341 (14171 uniques)	60021 (47 uniques)	59787 (74 uniques)	59787 (56 uniques)	59787 (56 uniques)	59787 (56 uniques)	59787 (27 uniques)	57983 (24 uniques)	57983 (24 uniques)	4999 (22 uniques)	4999 (22 uniques)
Ext._contrl_E10	43214	37365	37365	37365 (8839 uniques)	37173 (36 uniques)	36992 (43 uniques)	36992 (33 uniques)	36992 (33 uniques)	36992 (33 uniques)	36992 (18 uniques)	36990 (17 uniques)	36990 (17 uniques)	4999 (16 uniques)	4999 (16 uniques)
Ext._contrl_E12	76513	68110	68110	68110 (15133 uniques)	67899 (57 uniques)	67620 (92 uniques)	67620 (58 uniques)	67620 (58 uniques)	67620 (58 uniques)	67620 (26 uniques)	67620 (26 uniques)	67620 (26 uniques)	4999 (19 uniques)	4999 (19 uniques)
Ext._contrl_G10	32779	28597	28597	28597 (7062 uniques)	28406 (25 uniques)	28104 (35 uniques)	28104 (26 uniques)	28104 (26 uniques)	28104 (26 uniques)	28104 (14 uniques)	28104 (14 uniques)	28104 (14 uniques)	4999 (13 uniques)	4999 (13 uniques)
Ext._contrl_G12	134	51	51	/	/	/	/	/	/	/	/	/	/	/
MGAL_Extraction_neg_control_7_19_22	14551	12286	12286	12286 (2970 uniques)	12136 (77 uniques)	11898 (70 uniques)	11898 (68 uniques)	11898 (68 uniques)	11898 (68 uniques)	11898 (66 uniques)	1075 (56 uniques)	1075 (56 uniques)	/	/
MGAL_Extraction_neg_control_repeated_plate4_PCR2	574	81	81	81 (77 uniques)	32 (3 uniques)	11 (2 uniques)	11 (2 uniques)	11 (2 uniques)	11 (2 uniques)	11 (2 uniques)	11 (2 uniques)	11 (2 uniques)	/	/
NTC1_Plate1_PCR1	142	98	98	98 (90 uniques)	17 (3 uniques)	14 (2 uniques)	14 (2 uniques)	14 (2 uniques)	14 (2 uniques)	14 (2 uniques)	14 (2 uniques)	14 (2 uniques)	/	/
NTC1_Plate2_PCR1	2869	155	155	155 (128 uniques)	79 (5 uniques)	50 (4 uniques)	50 (3 uniques)	50 (3 uniques)	50 (3 uniques)	50 (2 uniques)	50 (2 uniques)	50 (2 uniques)	/	/
NTC1_Plate3_PCR1	128	97	97	97 (84 uniques)	52 (4 uniques)	47 (3 uniques)	47 (3 uniques)	47 (3 uniques)	47 (3 uniques)	47 (3 uniques)	47 (3 uniques)	47 (3 uniques)	/	/
NTC1_Plate4_PCR1	1784	370	370	370 (210 uniques)	289 (5 uniques)	280 (4 uniques)	280 (4 uniques)	280 (4 uniques)	280 (4 uniques)	280 (4 uniques)	280 (4 uniques)	280 (4 uniques)	/	/
NTC1_Plate4_PCR2	392	293	293	293 (170 uniques)	219 (6 uniques)	219 (6 uniques)	219 (6 uniques)	219 (6 uniques)	219 (6 uniques)	219 (5 uniques)	219 (5 uniques)	219 (5 uniques)	/	/
NTC2_Plate1_PCR1	90	69	69	69 (57 uniques)	39 (5 uniques)	22 (3 uniques)	22 (3 uniques)	22 (3 uniques)	22 (3 uniques)	22 (3 uniques)	22 (3 uniques)	22 (3 uniques)	/	/
NTC2_Plate2_PCR1	291	96	96	96 (94 uniques)	39 (2 uniques)	12 (1 uniques)	12 (1 uniques)	12 (1 uniques)	12 (1 uniques)	12 (1 uniques)	12 (1 uniques)	12 (1 uniques)	/	/
NTC2_Plate3_PCR1	1041	756	756	756 (323 uniques)	696 (3 uniques)	677 (2 uniques)	677 (2 uniques)	677 (2 uniques)	677 (2 uniques)	677 (2 uniques)	677 (2 uniques)	677 (2 uniques)	/	/
NTC2_Plate5_PCR1	271	121	121	121 (108 uniques)	53 (3 uniques)	38 (2 uniques)	38 (2 uniques)	38 (2 uniques)	38 (2 uniques)	38 (2 uniques)	38 (2 uniques)	38 (2 uniques)	/	/
NTC3_Plate1_PCR1	321	141	141	141 (125 uniques)	55 (2 uniques)	52 (2 uniques)	52 (2 uniques)	52 (2 uniques)	52 (2 uniques)	52 (2 uniques)	52 (2 uniques)	52 (2 uniques)	/	/
NTC3_Plate2_PCR1	824	670	670	670 (304 uniques)	616 (3 uniques)	610 (2 uniques)	610 (2 uniques)	610 (2 uniques)	610 (2 uniques)	610 (2 uniques)	513 (1 uniques)	513 (1 uniques)	/	/
NTC3_Plate3_PCR1	434	315	315	315 (181 uniques)	248 (8 uniques)	212 (4 uniques)	212 (4 uniques)	212 (4 uniques)	212 (4 uniques)	212 (4 uniques)	212 (4 uniques)	212 (4 uniques)	/	/
NTC3_Plate5_PCR1	1031	444	444	444 (240 uniques)	364 (3 uniques)	360 (3 uniques)	360 (3 uniques)	360 (3 uniques)	360 (3 uniques)	360 (3 uniques)	360 (3 uniques)	360 (3 uniques)	/	/
PTC1_Plate1_PCR1	19011	15418	15418	15418 (8375 uniques)	14557 (377 uniques)	12917 (297 uniques)	12910 (292 uniques)	12897 (291 uniques)	12897 (291 uniques)	12897 (255 uniques)	11019 (244 uniques)	11017 (243 uniques)	4999 (237 uniques)	4999 (237 uniques)
PTC1_Plate2_PCR1	18119	13763	13763	13763 (7751 uniques)	12926 (330 uniques)	11400 (254 uniques)	11397 (248 uniques)	11384 (247 uniques)	11384 (247 uniques)	11384 (217 uniques)	9867 (208 uniques)	9867 (208 uniques)	4999 (205 uniques)	4999 (205 uniques)
PTC1_Plate3_PCR1	66902	55477	55477	55477 (25537 uniques)	53902 (793 uniques)	49986 (681 uniques)	49964 (654 uniques)	49346 (635 uniques)	49346 (635 uniques)	49346 (495 uniques)	44534 (478 uniques)	44532 (477 uniques)	4999 (410 uniques)	4999 (409 uniques)
PTC1_Plate4_PCR1	26249	22632	22632	22632 (11267 uniques)	21621 (471 uniques)	19711 (381 uniques)	19699 (369 uniques)	19699 (369 uniques)	19699 (369 uniques)	19699 (316 uniques)	17423 (306 uniques)	17419 (304 uniques)	4999 (291 uniques)	4999 (290 uniques)
PTC1_Plate4_PCR2	151757	134461	134461	134461 (51488 uniques)	131912 (1290 uniques)	125075 (1184 uniques)	124929 (1113 uniques)	122685 (1051 uniques)	122685 (1051 uniques)	122685 (783 uniques)	107252 (753 uniques)	107244 (749 uniques)	4999 (526 uniques)	4999 (525 uniques)
PTC1_Plate5_PCR1	125318	105762	105762	105762 (42084 uniques)	103566 (1030 uniques)	98567 (911 uniques)	98409 (866 uniques)	96718 (836 uniques)	96718 (836 uniques)	96718 (642 uniques)	74116 (609 uniques)	74108 (605 uniques)	4999 (469 uniques)	4999 (468 uniques)
